stock_code,stock_name,market_detail,market
196170,알테오젠,KOSDAQ GLOBAL,KOSDAQ
247540,에코프로비엠,KOSDAQ GLOBAL,KOSDAQ
028300,HLB,KOSDAQ,KOSDAQ
086520,에코프로,KOSDAQ,KOSDAQ
277810,레인보우로보틱스,KOSDAQ,KOSDAQ
950160,코오롱티슈진,KOSDAQ,KOSDAQ
000250,삼천당제약,KOSDAQ,KOSDAQ
145020,휴젤,KOSDAQ GLOBAL,KOSDAQ
141080,리가켐바이오,KOSDAQ GLOBAL,KOSDAQ
214150,클래시스,KOSDAQ GLOBAL,KOSDAQ
214450,파마리서치,KOSDAQ GLOBAL,KOSDAQ
058470,리노공업,KOSDAQ GLOBAL,KOSDAQ
310210,보로노이,KOSDAQ,KOSDAQ
403870,HPSP,KOSDAQ GLOBAL,KOSDAQ
041510,에스엠,KOSDAQ,KOSDAQ
068760,셀트리온제약,KOSDAQ,KOSDAQ
035900,JYP Ent.,KOSDAQ GLOBAL,KOSDAQ
087010,펩트론,KOSDAQ,KOSDAQ
298380,에이비엘바이오,KOSDAQ,KOSDAQ
263750,펄어비스,KOSDAQ GLOBAL,KOSDAQ
036930,주성엔지니어링,KOSDAQ GLOBAL,KOSDAQ
065350,신성델타테크,KOSDAQ,KOSDAQ
348370,엔켐,KOSDAQ,KOSDAQ
039030,이오테크닉스,KOSDAQ GLOBAL,KOSDAQ
328130,루닛,KOSDAQ,KOSDAQ
005290,동진쎄미켐,KOSDAQ,KOSDAQ
078600,대주전자재료,KOSDAQ,KOSDAQ
257720,실리콘투,KOSDAQ,KOSDAQ
357780,솔브레인,KOSDAQ,KOSDAQ
237690,에스티팜,KOSDAQ GLOBAL,KOSDAQ
089030,테크윙,KOSDAQ,KOSDAQ
214370,케어젠,KOSDAQ,KOSDAQ
082270,젬백스,KOSDAQ,KOSDAQ
253450,스튜디오드래곤,KOSDAQ GLOBAL,KOSDAQ
140860,파크시스템스,KOSDAQ,KOSDAQ
042000,카페24,KOSDAQ,KOSDAQ
095340,ISC,KOSDAQ,KOSDAQ
293490,카카오게임즈,KOSDAQ GLOBAL,KOSDAQ
096530,씨젠,KOSDAQ,KOSDAQ
240810,원익IPS,KOSDAQ GLOBAL,KOSDAQ
018290,브이티,KOSDAQ,KOSDAQ
178320,서진시스템,KOSDAQ,KOSDAQ
039200,오스코텍,KOSDAQ,KOSDAQ
035760,CJ ENM,KOSDAQ GLOBAL,KOSDAQ
122870,와이지엔터테인먼트,KOSDAQ GLOBAL,KOSDAQ
098460,고영,KOSDAQ,KOSDAQ
067630,HLB생명과학,KOSDAQ,KOSDAQ
007390,네이처셀,KOSDAQ,KOSDAQ
064760,티씨케이,KOSDAQ GLOBAL,KOSDAQ
281740,레이크머티리얼즈,KOSDAQ,KOSDAQ
232140,와이씨,KOSDAQ,KOSDAQ
112040,위메이드,KOSDAQ,KOSDAQ
137400,피엔티,KOSDAQ GLOBAL,KOSDAQ
195940,HK이노엔,KOSDAQ GLOBAL,KOSDAQ
160190,하이젠알앤엠,KOSDAQ,KOSDAQ
067160,SOOP,KOSDAQ GLOBAL,KOSDAQ
204270,제이앤티씨,KOSDAQ,KOSDAQ
084370,유진테크,KOSDAQ,KOSDAQ
086900,메디톡스,KOSDAQ,KOSDAQ
376300,디어유,KOSDAQ,KOSDAQ
031980,피에스케이홀딩스,KOSDAQ,KOSDAQ
161580,필옵틱스,KOSDAQ,KOSDAQ
078130,국일제지,KOSDAQ,KOSDAQ
417200,LS머트리얼즈,KOSDAQ,KOSDAQ
053800,안랩,KOSDAQ,KOSDAQ
323280,태성,KOSDAQ,KOSDAQ
121600,나노신소재,KOSDAQ,KOSDAQ
047920,HLB제약,KOSDAQ,KOSDAQ
225570,넥슨게임즈,KOSDAQ,KOSDAQ
226950,올릭스,KOSDAQ,KOSDAQ
067310,하나마이크론,KOSDAQ,KOSDAQ
014620,성광벤드,KOSDAQ,KOSDAQ
101490,에스앤에스텍,KOSDAQ,KOSDAQ
140410,메지온,KOSDAQ,KOSDAQ
213420,덕산네오룩스,KOSDAQ GLOBAL,KOSDAQ
166090,하나머티리얼즈,KOSDAQ GLOBAL,KOSDAQ
033500,동성화인텍,KOSDAQ,KOSDAQ
058970,엠로,KOSDAQ,KOSDAQ
056190,에스에프에이,KOSDAQ GLOBAL,KOSDAQ
388720,유일로보틱스,KOSDAQ,KOSDAQ
222800,심텍,KOSDAQ GLOBAL,KOSDAQ
440110,파두,KOSDAQ,KOSDAQ
036830,솔브레인홀딩스,KOSDAQ GLOBAL,KOSDAQ
358570,지아이이노베이션,KOSDAQ,KOSDAQ
086450,동국제약,KOSDAQ GLOBAL,KOSDAQ
101730,위메이드맥스,KOSDAQ,KOSDAQ
085660,차바이오텍,KOSDAQ,KOSDAQ
115450,HLB테라퓨틱스,KOSDAQ,KOSDAQ
340570,티앤엘,KOSDAQ,KOSDAQ
023160,태광,KOSDAQ,KOSDAQ
082920,비츠로셀,KOSDAQ,KOSDAQ
222080,씨아이에스,KOSDAQ,KOSDAQ
383310,에코프로에이치엔,KOSDAQ GLOBAL,KOSDAQ
319660,피에스케이,KOSDAQ GLOBAL,KOSDAQ
348210,넥스틴,KOSDAQ GLOBAL,KOSDAQ
009520,포스코엠텍,KOSDAQ GLOBAL,KOSDAQ
099320,쎄트렉아이,KOSDAQ,KOSDAQ
033100,제룡전기,KOSDAQ,KOSDAQ
083650,비에이치아이,KOSDAQ,KOSDAQ
025320,시노펙스,KOSDAQ,KOSDAQ
003380,하림지주,KOSDAQ GLOBAL,KOSDAQ
460930,현대힘스,KOSDAQ,KOSDAQ
399720,가온칩스,KOSDAQ,KOSDAQ
183300,코미코,KOSDAQ GLOBAL,KOSDAQ
131970,두산테스나,KOSDAQ GLOBAL,KOSDAQ
048410,현대바이오,KOSDAQ,KOSDAQ
251970,펌텍코리아,KOSDAQ,KOSDAQ
078340,컴투스,KOSDAQ GLOBAL,KOSDAQ
058610,에스피지,KOSDAQ,KOSDAQ
347850,디앤디파마텍,KOSDAQ,KOSDAQ
336570,원텍,KOSDAQ,KOSDAQ
220100,퓨쳐켐,KOSDAQ,KOSDAQ
131290,티에스이,KOSDAQ,KOSDAQ
074600,원익QnC,KOSDAQ GLOBAL,KOSDAQ
084110,휴온스글로벌,KOSDAQ,KOSDAQ
060370,LS마린솔루션,KOSDAQ,KOSDAQ
080220,제주반도체,KOSDAQ,KOSDAQ
041190,우리기술투자,KOSDAQ,KOSDAQ
036540,SFA반도체,KOSDAQ,KOSDAQ
475830,오름테라퓨틱,KOSDAQ,KOSDAQ
053030,바이넥스,KOSDAQ,KOSDAQ
025900,동화기업,KOSDAQ,KOSDAQ
025980,아난티,KOSDAQ,KOSDAQ
317330,덕산테코피아,KOSDAQ,KOSDAQ
466100,클로봇,KOSDAQ,KOSDAQ
253590,네오셈,KOSDAQ,KOSDAQ
272290,이녹스첨단소재,KOSDAQ GLOBAL,KOSDAQ
101360,에코앤드림,KOSDAQ,KOSDAQ
052020,에스티큐브,KOSDAQ,KOSDAQ
030520,한글과컴퓨터,KOSDAQ,KOSDAQ
036810,에프에스티,KOSDAQ,KOSDAQ
290650,엘앤씨바이오,KOSDAQ,KOSDAQ
079370,제우스,KOSDAQ,KOSDAQ
194480,데브시스터즈,KOSDAQ,KOSDAQ
335890,비올,KOSDAQ,KOSDAQ
095610,테스,KOSDAQ,KOSDAQ
241710,코스메카코리아,KOSDAQ,KOSDAQ
095660,네오위즈,KOSDAQ,KOSDAQ
200670,휴메딕스,KOSDAQ,KOSDAQ
069080,웹젠,KOSDAQ GLOBAL,KOSDAQ
108490,로보티즈,KOSDAQ,KOSDAQ
089010,켐트로닉스,KOSDAQ,KOSDAQ
050890,쏠리드,KOSDAQ,KOSDAQ
029960,코엔텍,KOSDAQ,KOSDAQ
102940,코오롱생명과학,KOSDAQ,KOSDAQ
094170,동운아나텍,KOSDAQ,KOSDAQ
189300,인텔리안테크,KOSDAQ,KOSDAQ
171090,선익시스템,KOSDAQ,KOSDAQ
099190,아이센스,KOSDAQ,KOSDAQ
218410,RFHIC,KOSDAQ,KOSDAQ
179900,유티아이,KOSDAQ,KOSDAQ
015750,성우하이텍,KOSDAQ,KOSDAQ
099430,바이오플러스,KOSDAQ,KOSDAQ
206650,유바이오로직스,KOSDAQ,KOSDAQ
365340,성일하이텍,KOSDAQ,KOSDAQ
032190,다우데이타,KOSDAQ,KOSDAQ
214430,아이쓰리시스템,KOSDAQ,KOSDAQ
319400,현대무벡스,KOSDAQ,KOSDAQ
025950,동신건설,KOSDAQ,KOSDAQ
352480,씨앤씨인터내셔널,KOSDAQ,KOSDAQ
455900,엔젤로보틱스,KOSDAQ,KOSDAQ
064550,바이오니아,KOSDAQ,KOSDAQ
215200,메가스터디교육,KOSDAQ GLOBAL,KOSDAQ
228760,지노믹트리,KOSDAQ,KOSDAQ
051980,중앙첨단소재,KOSDAQ,KOSDAQ
052400,코나아이,KOSDAQ,KOSDAQ
034950,한국기업평가,KOSDAQ,KOSDAQ
091700,파트론,KOSDAQ GLOBAL,KOSDAQ
372320,큐로셀,KOSDAQ,KOSDAQ
046890,서울반도체,KOSDAQ GLOBAL,KOSDAQ
378340,필에너지,KOSDAQ,KOSDAQ
200130,콜마비앤에이치,KOSDAQ GLOBAL,KOSDAQ
314930,바이오다인,KOSDAQ,KOSDAQ
215000,골프존,KOSDAQ GLOBAL,KOSDAQ
176750,듀켐바이오,KOSDAQ,KOSDAQ
060280,큐렉소,KOSDAQ,KOSDAQ
083450,GST,KOSDAQ,KOSDAQ
420770,기가비스,KOSDAQ,KOSDAQ
068240,다원시스,KOSDAQ,KOSDAQ
006730,서부T&D,KOSDAQ,KOSDAQ
030530,원익홀딩스,KOSDAQ,KOSDAQ
397030,에이프릴바이오,KOSDAQ,KOSDAQ
039440,에스티아이,KOSDAQ,KOSDAQ
094360,칩스앤미디어,KOSDAQ,KOSDAQ
278280,천보,KOSDAQ,KOSDAQ
237880,클리오,KOSDAQ,KOSDAQ
437730,삼현,KOSDAQ,KOSDAQ
389650,넥스트바이오메디컬,KOSDAQ,KOSDAQ
102710,이엔에프테크놀로지,KOSDAQ,KOSDAQ
445090,에이직랜드,KOSDAQ,KOSDAQ
093320,케이아이엔엑스,KOSDAQ,KOSDAQ
452450,피아이이,KOSDAQ,KOSDAQ
475400,씨메스,KOSDAQ,KOSDAQ
013030,하이록코리아,KOSDAQ,KOSDAQ
144510,지씨셀,KOSDAQ,KOSDAQ
418550,제이오,KOSDAQ,KOSDAQ
114840,아이패밀리에스씨,KOSDAQ,KOSDAQ
108860,셀바스AI,KOSDAQ,KOSDAQ
082800,비보존 제약,KOSDAQ,KOSDAQ
206640,바디텍메드,KOSDAQ,KOSDAQ
035890,서희건설,KOSDAQ,KOSDAQ
217270,넵튠,KOSDAQ,KOSDAQ
038500,삼표시멘트,KOSDAQ,KOSDAQ
101930,인화정공,KOSDAQ,KOSDAQ
101160,월덱스,KOSDAQ,KOSDAQ
060250,NHN KCP,KOSDAQ GLOBAL,KOSDAQ
119610,인터로조,KOSDAQ,KOSDAQ
215600,신라젠,KOSDAQ,KOSDAQ
036620,감성코퍼레이션,KOSDAQ,KOSDAQ
136480,하림,KOSDAQ,KOSDAQ
024850,HLB이노베이션,KOSDAQ,KOSDAQ
288330,브릿지바이오테라퓨틱스,KOSDAQ,KOSDAQ
059090,미코,KOSDAQ,KOSDAQ
348340,뉴로메카,KOSDAQ,KOSDAQ
338220,뷰노,KOSDAQ,KOSDAQ
078160,메디포스트,KOSDAQ,KOSDAQ
032820,우리기술,KOSDAQ,KOSDAQ
394280,오픈엣지테크놀로지,KOSDAQ,KOSDAQ
044490,태웅,KOSDAQ,KOSDAQ
041830,인바디,KOSDAQ,KOSDAQ
450950,아스테라시스,KOSDAQ,KOSDAQ
416180,신성에스티,KOSDAQ,KOSDAQ
334970,프레스티지바이오로직스,KOSDAQ,KOSDAQ
032500,케이엠더블유,KOSDAQ,KOSDAQ
094480,갤럭시아머니트리,KOSDAQ,KOSDAQ
043150,바텍,KOSDAQ,KOSDAQ
243070,휴온스,KOSDAQ GLOBAL,KOSDAQ
049070,인탑스,KOSDAQ,KOSDAQ
304100,솔트룩스,KOSDAQ,KOSDAQ
211050,인카금융서비스,KOSDAQ,KOSDAQ
304360,에스바이오메딕스,KOSDAQ,KOSDAQ
045100,한양이엔지,KOSDAQ,KOSDAQ
056080,유진로봇,KOSDAQ,KOSDAQ
439090,마녀공장,KOSDAQ,KOSDAQ
204620,글로벌텍스프리,KOSDAQ,KOSDAQ
067080,대화제약,KOSDAQ,KOSDAQ
199800,툴젠,KOSDAQ,KOSDAQ
393890,더블유씨피,KOSDAQ GLOBAL,KOSDAQ
018310,삼목에스폼,KOSDAQ,KOSDAQ
252990,샘씨엔에스,KOSDAQ,KOSDAQ
372170,윤성에프앤씨,KOSDAQ,KOSDAQ
230240,에치에프알,KOSDAQ,KOSDAQ
025770,한국정보통신,KOSDAQ,KOSDAQ
065500,오리엔트정공,KOSDAQ,KOSDAQ
041960,코미팜,KOSDAQ,KOSDAQ
051360,토비스,KOSDAQ,KOSDAQ
041020,폴라리스오피스,KOSDAQ,KOSDAQ
900290,GRT,KOSDAQ,KOSDAQ
148150,세경하이테크,KOSDAQ,KOSDAQ
110990,디아이티,KOSDAQ,KOSDAQ
119850,지엔씨에너지,KOSDAQ,KOSDAQ
265520,AP시스템,KOSDAQ,KOSDAQ
084850,아이티엠반도체,KOSDAQ GLOBAL,KOSDAQ
031330,에스에이엠티,KOSDAQ,KOSDAQ
458650,성우,KOSDAQ,KOSDAQ
445680,큐리옥스바이오시스템즈,KOSDAQ,KOSDAQ
105550,엣지파운드리,KOSDAQ,KOSDAQ
230360,에코마케팅,KOSDAQ,KOSDAQ
003800,에이스침대,KOSDAQ,KOSDAQ
104830,원익머트리얼즈,KOSDAQ,KOSDAQ
054950,제이브이엠,KOSDAQ,KOSDAQ
389020,자람테크놀로지,KOSDAQ,KOSDAQ
091120,이엠텍,KOSDAQ,KOSDAQ
267980,매일유업,KOSDAQ,KOSDAQ
071280,로체시스템즈,KOSDAQ,KOSDAQ
295310,에이치브이엠,KOSDAQ,KOSDAQ
256840,한국비엔씨,KOSDAQ,KOSDAQ
053610,프로텍,KOSDAQ,KOSDAQ
014940,오리엔탈정공,KOSDAQ,KOSDAQ
357550,석경에이티,KOSDAQ,KOSDAQ
065680,우주일렉트로,KOSDAQ,KOSDAQ
360070,탑머티리얼,KOSDAQ,KOSDAQ
950170,JTC,KOSDAQ,KOSDAQ
095500,미래나노텍,KOSDAQ,KOSDAQ
117730,티로보틱스,KOSDAQ,KOSDAQ
216080,제테마,KOSDAQ,KOSDAQ
122640,예스티,KOSDAQ,KOSDAQ
027360,아주IB투자,KOSDAQ,KOSDAQ
298830,슈어소프트테크,KOSDAQ,KOSDAQ
356680,엑스게이트,KOSDAQ,KOSDAQ
168360,펨트론,KOSDAQ,KOSDAQ
045660,에이텍,KOSDAQ,KOSDAQ
023410,유진기업,KOSDAQ,KOSDAQ
067390,아스트,KOSDAQ,KOSDAQ
089970,브이엠,KOSDAQ,KOSDAQ
255220,SG,KOSDAQ,KOSDAQ
371950,풍원정밀,KOSDAQ,KOSDAQ
308430,셀비온,KOSDAQ,KOSDAQ
100790,미래에셋벤처투자,KOSDAQ,KOSDAQ
368770,파이버프로,KOSDAQ,KOSDAQ
200710,에이디테크놀로지,KOSDAQ,KOSDAQ
086390,유니테스트,KOSDAQ,KOSDAQ
121800,비덴트,KOSDAQ,KOSDAQ
126700,하이비젼시스템,KOSDAQ,KOSDAQ
151860,KG에코솔루션,KOSDAQ,KOSDAQ
402030,코난테크놀로지,KOSDAQ,KOSDAQ
419530,SAMG엔터,KOSDAQ,KOSDAQ
058820,CMG제약,KOSDAQ,KOSDAQ
150840,인트로메딕,KOSDAQ,KOSDAQ
089980,상아프론테크,KOSDAQ,KOSDAQ
179290,엠아이텍,KOSDAQ,KOSDAQ
115180,큐리언트,KOSDAQ,KOSDAQ
090360,로보스타,KOSDAQ,KOSDAQ
182360,큐브엔터,KOSDAQ,KOSDAQ
096040,이트론,KOSDAQ,KOSDAQ
051500,CJ프레시웨이,KOSDAQ,KOSDAQ
083930,아바코,KOSDAQ,KOSDAQ
039840,디오,KOSDAQ,KOSDAQ
114810,한솔아이원스,KOSDAQ,KOSDAQ
123860,아나패스,KOSDAQ,KOSDAQ
035600,KG이니시스,KOSDAQ,KOSDAQ
118990,모트렉스,KOSDAQ,KOSDAQ
060150,인선이엔티,KOSDAQ,KOSDAQ
112290,와이씨켐,KOSDAQ,KOSDAQ
043370,피에이치에이,KOSDAQ,KOSDAQ
208340,파멥신,KOSDAQ,KOSDAQ
048870,시너지이노베이션,KOSDAQ,KOSDAQ
322310,오로스테크놀로지,KOSDAQ,KOSDAQ
432720,퀄리타스반도체,KOSDAQ,KOSDAQ
100120,뷰웍스,KOSDAQ,KOSDAQ
263720,디앤씨미디어,KOSDAQ,KOSDAQ
060720,KH바텍,KOSDAQ,KOSDAQ
090710,휴림로봇,KOSDAQ,KOSDAQ
005160,동국산업,KOSDAQ,KOSDAQ
054450,텔레칩스,KOSDAQ,KOSDAQ
473980,노머스,KOSDAQ,KOSDAQ
464080,에스오에스랩,KOSDAQ,KOSDAQ
036890,진성티이씨,KOSDAQ,KOSDAQ
045390,대아티아이,KOSDAQ,KOSDAQ
034810,해성산업,KOSDAQ,KOSDAQ
393970,대진첨단소재,KOSDAQ,KOSDAQ
061970,LB세미콘,KOSDAQ,KOSDAQ
290690,소룩스,KOSDAQ,KOSDAQ
102120,어보브반도체,KOSDAQ,KOSDAQ
199820,제일일렉트릭,KOSDAQ,KOSDAQ
425420,티에프이,KOSDAQ,KOSDAQ
078150,HB테크놀러지,KOSDAQ,KOSDAQ
036200,유니셈,KOSDAQ,KOSDAQ
057880,푸른소나무,KOSDAQ,KOSDAQ
389260,대명에너지,KOSDAQ,KOSDAQ
144960,뉴파워프라즈마,KOSDAQ,KOSDAQ
240550,동방메디컬,KOSDAQ,KOSDAQ
051370,인터플렉스,KOSDAQ,KOSDAQ
047560,이스트소프트,KOSDAQ,KOSDAQ
013120,동원개발,KOSDAQ,KOSDAQ
323990,박셀바이오,KOSDAQ,KOSDAQ
086820,바이오솔루션,KOSDAQ,KOSDAQ
077360,덕산하이메탈,KOSDAQ,KOSDAQ
107640,한중엔시에스,KOSDAQ,KOSDAQ
205470,휴마시스,KOSDAQ,KOSDAQ
293780,압타바이오,KOSDAQ,KOSDAQ
299900,위지윅스튜디오,KOSDAQ,KOSDAQ
489500,엘케이켐,KOSDAQ,KOSDAQ
174900,앱클론,KOSDAQ,KOSDAQ
078020,LS증권,KOSDAQ,KOSDAQ
079940,가비아,KOSDAQ,KOSDAQ
260970,에스앤디,KOSDAQ,KOSDAQ
042370,비츠로테크,KOSDAQ,KOSDAQ
036220,오상헬스케어,KOSDAQ,KOSDAQ
114190,강원에너지,KOSDAQ,KOSDAQ
448280,에코아이,KOSDAQ,KOSDAQ
064820,케이프,KOSDAQ,KOSDAQ
086890,이수앱지스,KOSDAQ,KOSDAQ
297890,HB솔루션,KOSDAQ,KOSDAQ
236200,슈프리마,KOSDAQ,KOSDAQ
482630,삼양엔씨켐,KOSDAQ,KOSDAQ
092730,네오팜,KOSDAQ,KOSDAQ
064260,다날,KOSDAQ,KOSDAQ
068930,디지털대성,KOSDAQ,KOSDAQ
092040,아미코젠,KOSDAQ,KOSDAQ
008830,대동기어,KOSDAQ,KOSDAQ
322510,제이엘케이,KOSDAQ,KOSDAQ
039980,폴라리스AI,KOSDAQ,KOSDAQ
211270,AP위성,KOSDAQ,KOSDAQ
443670,에스피소프트,KOSDAQ,KOSDAQ
024810,이화전기,KOSDAQ,KOSDAQ
017890,한국알콜,KOSDAQ,KOSDAQ
337930,브랜드엑스코퍼레이션,KOSDAQ,KOSDAQ
394800,쓰리빌리언,KOSDAQ,KOSDAQ
049950,미래컴퍼니,KOSDAQ,KOSDAQ
377450,리파인,KOSDAQ,KOSDAQ
441270,파인엠텍,KOSDAQ,KOSDAQ
095700,제넥신,KOSDAQ,KOSDAQ
356860,티엘비,KOSDAQ,KOSDAQ
065660,안트로젠,KOSDAQ,KOSDAQ
424960,스마트레이더시스템,KOSDAQ,KOSDAQ
270660,에브리봇,KOSDAQ,KOSDAQ
067280,멀티캠퍼스,KOSDAQ,KOSDAQ
950130,엑세스바이오,KOSDAQ,KOSDAQ
086980,쇼박스,KOSDAQ,KOSDAQ
294570,쿠콘,KOSDAQ,KOSDAQ
456070,이엔셀,KOSDAQ,KOSDAQ
035810,이지홀딩스,KOSDAQ,KOSDAQ
190510,나무가,KOSDAQ,KOSDAQ
123330,제닉,KOSDAQ,KOSDAQ
035080,그래디언트,KOSDAQ,KOSDAQ
462350,이노스페이스,KOSDAQ,KOSDAQ
475960,토모큐브,KOSDAQ,KOSDAQ
278650,HLB바이오스텝,KOSDAQ,KOSDAQ
472850,폰드그룹,KOSDAQ,KOSDAQ
243840,신흥에스이씨,KOSDAQ,KOSDAQ
109610,에스와이,KOSDAQ,KOSDAQ
016790,현대사료,KOSDAQ,KOSDAQ
036030,케이티알파,KOSDAQ,KOSDAQ
476060,온코닉테라퓨틱스,KOSDAQ,KOSDAQ
053300,한국정보인증,KOSDAQ,KOSDAQ
078350,한양디지텍,KOSDAQ,KOSDAQ
143240,사람인,KOSDAQ,KOSDAQ
019210,와이지-원,KOSDAQ,KOSDAQ
036560,영풍정밀,KOSDAQ,KOSDAQ
458870,씨어스테크놀로지,KOSDAQ,KOSDAQ
299030,하나기술,KOSDAQ,KOSDAQ
080420,모다이노칩,KOSDAQ,KOSDAQ
038290,마크로젠,KOSDAQ,KOSDAQ
365330,에스와이스틸텍,KOSDAQ,KOSDAQ
332570,와이팜,KOSDAQ,KOSDAQ
080160,모두투어,KOSDAQ,KOSDAQ
083310,엘오티베큠,KOSDAQ,KOSDAQ
033160,엠케이전자,KOSDAQ,KOSDAQ
336680,탑런토탈솔루션,KOSDAQ,KOSDAQ
354320,알멕,KOSDAQ,KOSDAQ
254490,미래반도체,KOSDAQ,KOSDAQ
251370,와이엠티,KOSDAQ,KOSDAQ
033640,네패스,KOSDAQ,KOSDAQ
032620,유비케어,KOSDAQ,KOSDAQ
013990,아가방컴퍼니,KOSDAQ,KOSDAQ
063570,한국전자금융,KOSDAQ,KOSDAQ
122990,와이솔,KOSDAQ,KOSDAQ
036800,나이스정보통신,KOSDAQ,KOSDAQ
047310,파워로직스,KOSDAQ,KOSDAQ
084650,랩지노믹스,KOSDAQ,KOSDAQ
456010,아이씨티케이,KOSDAQ,KOSDAQ
023760,한국캐피탈,KOSDAQ,KOSDAQ
011040,경동제약,KOSDAQ,KOSDAQ
093520,매커스,KOSDAQ,KOSDAQ
092870,엑시콘,KOSDAQ,KOSDAQ
073010,케이에스피,KOSDAQ,KOSDAQ
060590,씨티씨바이오,KOSDAQ,KOSDAQ
108380,대양전기공업,KOSDAQ,KOSDAQ
108230,톱텍,KOSDAQ,KOSDAQ
121440,골프존뉴딘홀딩스,KOSDAQ,KOSDAQ
347700,라이프시맨틱스,KOSDAQ,KOSDAQ
182400,엔케이맥스,KOSDAQ,KOSDAQ
126600,BGF에코머티리얼즈,KOSDAQ,KOSDAQ
024060,흥구석유,KOSDAQ,KOSDAQ
274090,켄코아에어로스페이스,KOSDAQ,KOSDAQ
083790,CG인바이츠,KOSDAQ,KOSDAQ
205500,넥써쓰,KOSDAQ,KOSDAQ
270520,앱트뉴로사이언스,KOSDAQ,KOSDAQ
461300,아이스크림미디어,KOSDAQ,KOSDAQ
203400,에이비온,KOSDAQ,KOSDAQ
106190,하이텍팜,KOSDAQ,KOSDAQ
303810,동국생명과학,KOSDAQ,KOSDAQ
078070,유비쿼스홀딩스,KOSDAQ,KOSDAQ
078140,대봉엘에스,KOSDAQ,KOSDAQ
096240,크레버스,KOSDAQ,KOSDAQ
053080,케이엔솔,KOSDAQ,KOSDAQ
474170,루미르,KOSDAQ,KOSDAQ
425040,티이엠씨,KOSDAQ,KOSDAQ
038390,레드캡투어,KOSDAQ,KOSDAQ
264850,이랜시스,KOSDAQ,KOSDAQ
203650,드림시큐리티,KOSDAQ,KOSDAQ
122450,KX,KOSDAQ,KOSDAQ
089600,나스미디어,KOSDAQ,KOSDAQ
282880,코윈테크,KOSDAQ,KOSDAQ
032300,한국파마,KOSDAQ,KOSDAQ
256940,케이피에스,KOSDAQ,KOSDAQ
307750,국전약품,KOSDAQ,KOSDAQ
457550,우진엔텍,KOSDAQ,KOSDAQ
463480,모티브링크,KOSDAQ,KOSDAQ
138610,나이벡,KOSDAQ,KOSDAQ
353810,이지바이오,KOSDAQ,KOSDAQ
214180,헥토이노베이션,KOSDAQ,KOSDAQ
382840,원준,KOSDAQ,KOSDAQ
194700,노바렉스,KOSDAQ,KOSDAQ
475580,에이럭스,KOSDAQ,KOSDAQ
305090,마이크로디지탈,KOSDAQ,KOSDAQ
092460,한라IMS,KOSDAQ,KOSDAQ
405100,큐알티,KOSDAQ,KOSDAQ
124500,아이티센,KOSDAQ,KOSDAQ
041440,현대에버다임,KOSDAQ,KOSDAQ
046440,KG모빌리언스,KOSDAQ,KOSDAQ
042420,네오위즈홀딩스,KOSDAQ,KOSDAQ
104460,디와이피엔에프,KOSDAQ,KOSDAQ
092130,이크레더블,KOSDAQ,KOSDAQ
143160,아이디스,KOSDAQ,KOSDAQ
073490,이노와이어리스,KOSDAQ,KOSDAQ
285490,노바텍,KOSDAQ,KOSDAQ
451760,컨텍,KOSDAQ,KOSDAQ
206560,덱스터,KOSDAQ,KOSDAQ
321820,아티스트유나이티드,KOSDAQ,KOSDAQ
225530,보광산업,KOSDAQ,KOSDAQ
030960,양지사,KOSDAQ,KOSDAQ
063080,컴투스홀딩스,KOSDAQ,KOSDAQ
315640,딥노이드,KOSDAQ,KOSDAQ
452190,한빛레이저,KOSDAQ,KOSDAQ
950140,잉글우드랩,KOSDAQ,KOSDAQ
123040,엠에스오토텍,KOSDAQ,KOSDAQ
376270,에이치이엠파마,KOSDAQ,KOSDAQ
290550,디케이티,KOSDAQ,KOSDAQ
079960,동양이엔피,KOSDAQ,KOSDAQ
234690,녹십자웰빙,KOSDAQ,KOSDAQ
127120,디엔에이링크,KOSDAQ,KOSDAQ
092190,서울바이오시스,KOSDAQ,KOSDAQ
068790,DMS,KOSDAQ,KOSDAQ
115500,케이씨에스,KOSDAQ,KOSDAQ
192440,슈피겐코리아,KOSDAQ,KOSDAQ
096250,와이즈넛,KOSDAQ,KOSDAQ
037460,삼지전자,KOSDAQ,KOSDAQ
052330,코텍,KOSDAQ,KOSDAQ
036190,금화피에스시,KOSDAQ,KOSDAQ
023910,대한약품,KOSDAQ,KOSDAQ
452430,사피엔반도체,KOSDAQ,KOSDAQ
005860,한일사료,KOSDAQ,KOSDAQ
131370,알서포트,KOSDAQ,KOSDAQ
126340,비나텍,KOSDAQ,KOSDAQ
140670,알에스오토메이션,KOSDAQ,KOSDAQ
333430,일승,KOSDAQ,KOSDAQ
215090,휴센텍,KOSDAQ,KOSDAQ
370090,퓨런티어,KOSDAQ,KOSDAQ
317870,엔바이오니아,KOSDAQ,KOSDAQ
311690,CJ 바이오사이언스,KOSDAQ,KOSDAQ
005710,대원산업,KOSDAQ,KOSDAQ
214680,디알텍,KOSDAQ,KOSDAQ
330860,네패스아크,KOSDAQ,KOSDAQ
051160,지어소프트,KOSDAQ,KOSDAQ
064800,포니링크,KOSDAQ,KOSDAQ
396470,워트,KOSDAQ,KOSDAQ
226400,오스테오닉,KOSDAQ,KOSDAQ
412540,제일엠앤에스,KOSDAQ,KOSDAQ
046070,코다코,KOSDAQ,KOSDAQ
088800,에이스테크,KOSDAQ,KOSDAQ
163280,에어레인,KOSDAQ,KOSDAQ
064090,인크레더블버즈,KOSDAQ,KOSDAQ
461030,아이엠비디엑스,KOSDAQ,KOSDAQ
205100,엑셈,KOSDAQ,KOSDAQ
241520,DSC인베스트먼트,KOSDAQ,KOSDAQ
095190,이엠코리아,KOSDAQ,KOSDAQ
443250,레뷰코퍼레이션,KOSDAQ,KOSDAQ
267320,나인테크,KOSDAQ,KOSDAQ
158430,아톤,KOSDAQ,KOSDAQ
361390,제노코,KOSDAQ,KOSDAQ
006620,동구바이오제약,KOSDAQ,KOSDAQ
297090,씨에스베어링,KOSDAQ,KOSDAQ
389500,에스비비테크,KOSDAQ,KOSDAQ
382900,범한퓨얼셀,KOSDAQ,KOSDAQ
123410,코리아에프티,KOSDAQ,KOSDAQ
200350,아티스트스튜디오,KOSDAQ,KOSDAQ
062970,한국첨단소재,KOSDAQ,KOSDAQ
048550,SM C&C,KOSDAQ,KOSDAQ
049520,유아이엘,KOSDAQ,KOSDAQ
149950,아바텍,KOSDAQ,KOSDAQ
064290,인텍플러스,KOSDAQ,KOSDAQ
310200,애니플러스,KOSDAQ,KOSDAQ
027710,팜스토리,KOSDAQ,KOSDAQ
389470,인벤티지랩,KOSDAQ,KOSDAQ
049720,고려신용정보,KOSDAQ,KOSDAQ
191420,테고사이언스,KOSDAQ,KOSDAQ
039340,한국경제TV,KOSDAQ,KOSDAQ
094820,일진파워,KOSDAQ,KOSDAQ
381620,제닉스,KOSDAQ,KOSDAQ
476080,M83,KOSDAQ,KOSDAQ
417010,나노팀,KOSDAQ,KOSDAQ
382150,온코크로스,KOSDAQ,KOSDAQ
298540,더네이쳐홀딩스,KOSDAQ,KOSDAQ
136540,윈스,KOSDAQ,KOSDAQ
053580,웹케시,KOSDAQ,KOSDAQ
048910,대원미디어,KOSDAQ,KOSDAQ
048530,인트론바이오,KOSDAQ,KOSDAQ
396270,넥스트칩,KOSDAQ,KOSDAQ
119830,아이텍,KOSDAQ,KOSDAQ
452280,한선엔지니어링,KOSDAQ,KOSDAQ
089890,코세스,KOSDAQ,KOSDAQ
156100,엘앤케이바이오,KOSDAQ,KOSDAQ
093640,케이알엠,KOSDAQ,KOSDAQ
099440,스맥,KOSDAQ,KOSDAQ
264660,씨앤지하이테크,KOSDAQ,KOSDAQ
052260,현대바이오랜드,KOSDAQ,KOSDAQ
040300,YTN,KOSDAQ,KOSDAQ
092070,디엔에프,KOSDAQ,KOSDAQ
006910,보성파워텍,KOSDAQ,KOSDAQ
018000,유니슨,KOSDAQ,KOSDAQ
023600,삼보판지,KOSDAQ,KOSDAQ
228670,레이,KOSDAQ,KOSDAQ
402490,그린리소스,KOSDAQ,KOSDAQ
214260,라파스,KOSDAQ,KOSDAQ
060570,드림어스컴퍼니,KOSDAQ,KOSDAQ
146320,비씨엔씨,KOSDAQ,KOSDAQ
033790,피노,KOSDAQ,KOSDAQ
039240,경남스틸,KOSDAQ,KOSDAQ
277880,티에스아이,KOSDAQ,KOSDAQ
269620,시스웍,KOSDAQ,KOSDAQ
047820,초록뱀미디어,KOSDAQ,KOSDAQ
388050,지투파워,KOSDAQ,KOSDAQ
289220,자이언트스텝,KOSDAQ,KOSDAQ
411080,샌즈랩,KOSDAQ,KOSDAQ
272110,케이엔제이,KOSDAQ,KOSDAQ
234340,헥토파이낸셜,KOSDAQ,KOSDAQ
479960,위너스,KOSDAQ,KOSDAQ
104480,티케이케미칼,KOSDAQ,KOSDAQ
044990,에이치엔에스하이텍,KOSDAQ,KOSDAQ
067990,도이치모터스,KOSDAQ,KOSDAQ
072770,율호,KOSDAQ,KOSDAQ
086710,선진뷰티사이언스,KOSDAQ,KOSDAQ
453450,그리드위즈,KOSDAQ,KOSDAQ
005990,매일홀딩스,KOSDAQ,KOSDAQ
079810,디이엔티,KOSDAQ,KOSDAQ
029480,광무,KOSDAQ,KOSDAQ
052420,오성첨단소재,KOSDAQ,KOSDAQ
054210,이랜텍,KOSDAQ,KOSDAQ
066620,국보디자인,KOSDAQ,KOSDAQ
072870,메가스터디,KOSDAQ,KOSDAQ
053350,이니텍,KOSDAQ,KOSDAQ
054620,APS,KOSDAQ,KOSDAQ
071200,인피니트헬스케어,KOSDAQ,KOSDAQ
099750,이지케어텍,KOSDAQ,KOSDAQ
007330,푸른저축은행,KOSDAQ,KOSDAQ
209640,와이제이링크,KOSDAQ,KOSDAQ
322180,티라유텍,KOSDAQ,KOSDAQ
413390,엠오티,KOSDAQ,KOSDAQ
090850,현대이지웰,KOSDAQ,KOSDAQ
212710,아이에스티이,KOSDAQ,KOSDAQ
069510,에스텍,KOSDAQ,KOSDAQ
217730,강스템바이오텍,KOSDAQ,KOSDAQ
084730,팅크웨어,KOSDAQ,KOSDAQ
049960,쎌바이오텍,KOSDAQ,KOSDAQ
039610,화성밸브,KOSDAQ,KOSDAQ
023440,제이스코홀딩스,KOSDAQ,KOSDAQ
232680,라온테크,KOSDAQ,KOSDAQ
151910,퓨처코어,KOSDAQ,KOSDAQ
160980,싸이맥스,KOSDAQ,KOSDAQ
065710,서호전기,KOSDAQ,KOSDAQ
439580,블루엠텍,KOSDAQ,KOSDAQ
235980,메드팩토,KOSDAQ,KOSDAQ
384470,코어라인소프트,KOSDAQ,KOSDAQ
082850,우리바이오,KOSDAQ,KOSDAQ
054050,농우바이오,KOSDAQ,KOSDAQ
251120,바이오에프디엔씨,KOSDAQ,KOSDAQ
063170,서울옥션,KOSDAQ,KOSDAQ
302430,이노메트리,KOSDAQ,KOSDAQ
033290,코웰패션,KOSDAQ,KOSDAQ
273640,와이엠텍,KOSDAQ,KOSDAQ
300080,플리토,KOSDAQ,KOSDAQ
226590,엠디바이스,KOSDAQ,KOSDAQ
187420,HLB제넥스,KOSDAQ,KOSDAQ
950110,SBI핀테크솔루션즈,KOSDAQ,KOSDAQ
220260,켐트로스,KOSDAQ,KOSDAQ
066590,우수AMS,KOSDAQ,KOSDAQ
100130,동국S&C,KOSDAQ,KOSDAQ
085670,뉴프렉스,KOSDAQ,KOSDAQ
065450,빅텍,KOSDAQ,KOSDAQ
417500,제이아이테크,KOSDAQ,KOSDAQ
039560,다산네트웍스,KOSDAQ,KOSDAQ
043610,지니뮤직,KOSDAQ,KOSDAQ
084990,헬릭스미스,KOSDAQ,KOSDAQ
204610,티쓰리,KOSDAQ,KOSDAQ
382800,지앤비에스 에코,KOSDAQ,KOSDAQ
900250,크리스탈신소재,KOSDAQ,KOSDAQ
199550,레이저옵텍,KOSDAQ,KOSDAQ
175140,휴먼테크놀로지,KOSDAQ,KOSDAQ
453860,에이에스텍,KOSDAQ,KOSDAQ
147830,제룡산업,KOSDAQ,KOSDAQ
086960,MDS테크,KOSDAQ,KOSDAQ
377480,마음AI,KOSDAQ,KOSDAQ
041590,플래스크,KOSDAQ,KOSDAQ
019550,SBI인베스트먼트,KOSDAQ,KOSDAQ
109740,디에스케이,KOSDAQ,KOSDAQ
208370,셀바스헬스케어,KOSDAQ,KOSDAQ
042600,새로닉스,KOSDAQ,KOSDAQ
124560,태웅로직스,KOSDAQ,KOSDAQ
166480,코아스템켐온,KOSDAQ,KOSDAQ
067900,와이엔텍,KOSDAQ,KOSDAQ
408900,스튜디오미르,KOSDAQ,KOSDAQ
200470,에이팩트,KOSDAQ,KOSDAQ
018120,진로발효,KOSDAQ,KOSDAQ
418470,밀리의서재,KOSDAQ,KOSDAQ
142210,유니트론텍,KOSDAQ,KOSDAQ
014470,부방,KOSDAQ,KOSDAQ
067000,조이시티,KOSDAQ,KOSDAQ
023900,풍국주정,KOSDAQ,KOSDAQ
110790,크리스에프앤씨,KOSDAQ,KOSDAQ
012860,모베이스전자,KOSDAQ,KOSDAQ
362320,청담글로벌,KOSDAQ,KOSDAQ
159580,제로투세븐,KOSDAQ,KOSDAQ
026150,특수건설,KOSDAQ,KOSDAQ
226330,신테카바이오,KOSDAQ,KOSDAQ
046210,HLB파나진,KOSDAQ,KOSDAQ
040910,아이씨디,KOSDAQ,KOSDAQ
042510,라온시큐어,KOSDAQ,KOSDAQ
037070,파세코,KOSDAQ,KOSDAQ
131400,이브이첨단소재,KOSDAQ,KOSDAQ
289930,웨이비스,KOSDAQ,KOSDAQ
445180,퓨릿,KOSDAQ,KOSDAQ
039860,나노엔텍,KOSDAQ,KOSDAQ
145170,노브랜드,KOSDAQ,KOSDAQ
357230,에이치피오,KOSDAQ,KOSDAQ
306620,네온테크,KOSDAQ,KOSDAQ
126730,코칩,KOSDAQ,KOSDAQ
376930,노을,KOSDAQ,KOSDAQ
417790,트루엔,KOSDAQ,KOSDAQ
035610,솔본,KOSDAQ,KOSDAQ
432470,케이엔에스,KOSDAQ,KOSDAQ
264450,유비쿼스,KOSDAQ,KOSDAQ
091580,상신이디피,KOSDAQ,KOSDAQ
149980,하이로닉,KOSDAQ,KOSDAQ
044340,위닉스,KOSDAQ,KOSDAQ
011560,세보엠이씨,KOSDAQ,KOSDAQ
115310,인포바인,KOSDAQ,KOSDAQ
138080,오이솔루션,KOSDAQ,KOSDAQ
162300,신스틸,KOSDAQ,KOSDAQ
048430,유라테크,KOSDAQ,KOSDAQ
052710,아모텍,KOSDAQ,KOSDAQ
173130,오파스넷,KOSDAQ,KOSDAQ
183490,엔지켐생명과학,KOSDAQ,KOSDAQ
100700,세운메디칼,KOSDAQ,KOSDAQ
217820,원익피앤이,KOSDAQ,KOSDAQ
234300,에스트래픽,KOSDAQ,KOSDAQ
228850,레이언스,KOSDAQ,KOSDAQ
050960,수산아이앤티,KOSDAQ,KOSDAQ
131030,옵투스제약,KOSDAQ,KOSDAQ
293580,나우IB,KOSDAQ,KOSDAQ
003100,선광,KOSDAQ,KOSDAQ
013310,아진산업,KOSDAQ,KOSDAQ
125210,아모그린텍,KOSDAQ,KOSDAQ
009780,엠에스씨,KOSDAQ,KOSDAQ
059210,메타바이오메드,KOSDAQ,KOSDAQ
080580,오킨스전자,KOSDAQ,KOSDAQ
019590,엠벤처투자,KOSDAQ,KOSDAQ
012700,리드코프,KOSDAQ,KOSDAQ
061040,알에프텍,KOSDAQ,KOSDAQ
053280,예스24,KOSDAQ,KOSDAQ
950190,고스트스튜디오,KOSDAQ,KOSDAQ
060560,홈센타홀딩스,KOSDAQ,KOSDAQ
282720,금양그린파워,KOSDAQ,KOSDAQ
338840,와이바이오로직스,KOSDAQ,KOSDAQ
038110,에코플라스틱,KOSDAQ,KOSDAQ
393210,토마토시스템,KOSDAQ,KOSDAQ
225190,LK삼양,KOSDAQ,KOSDAQ
261200,덴티스,KOSDAQ,KOSDAQ
224110,에이텍모빌리티,KOSDAQ,KOSDAQ
009300,삼아제약,KOSDAQ,KOSDAQ
058400,KNN,KOSDAQ,KOSDAQ
091440,한울소재과학,KOSDAQ,KOSDAQ
170920,엘티씨,KOSDAQ,KOSDAQ
033320,제이씨현시스템,KOSDAQ,KOSDAQ
021080,에이티넘인베스트,KOSDAQ,KOSDAQ
950220,네오이뮨텍,KOSDAQ,KOSDAQ
448710,코츠테크놀로지,KOSDAQ,KOSDAQ
066700,테라젠이텍스,KOSDAQ,KOSDAQ
241770,메카로,KOSDAQ,KOSDAQ
049430,코메론,KOSDAQ,KOSDAQ
054670,대한뉴팜,KOSDAQ,KOSDAQ
111710,남화산업,KOSDAQ,KOSDAQ
478560,블랙야크아이앤씨,KOSDAQ,KOSDAQ
019010,베뉴지,KOSDAQ,KOSDAQ
226440,한송네오텍,KOSDAQ,KOSDAQ
378800,샤페론,KOSDAQ,KOSDAQ
027830,대성창투,KOSDAQ,KOSDAQ
093190,빅솔론,KOSDAQ,KOSDAQ
066410,버킷스튜디오,KOSDAQ,KOSDAQ
263860,지니언스,KOSDAQ,KOSDAQ
042520,한스바이오메드,KOSDAQ,KOSDAQ
407400,꿈비,KOSDAQ,KOSDAQ
432430,와이랩,KOSDAQ,KOSDAQ
259630,엠플러스,KOSDAQ,KOSDAQ
180400,DXVX,KOSDAQ,KOSDAQ
419080,엔젯,KOSDAQ,KOSDAQ
109960,AP헬스케어,KOSDAQ,KOSDAQ
093920,서원인텍,KOSDAQ,KOSDAQ
172670,에이엘티,KOSDAQ,KOSDAQ
366030,공구우먼,KOSDAQ,KOSDAQ
072020,중앙백신,KOSDAQ,KOSDAQ
060310,3S,KOSDAQ,KOSDAQ
052220,iMBC,KOSDAQ,KOSDAQ
255440,야스,KOSDAQ,KOSDAQ
065510,휴비츠,KOSDAQ,KOSDAQ
451250,삐아,KOSDAQ,KOSDAQ
311320,지오엘리먼트,KOSDAQ,KOSDAQ
290670,대보마그네틱,KOSDAQ,KOSDAQ
140070,서플러스글로벌,KOSDAQ,KOSDAQ
365270,큐라클,KOSDAQ,KOSDAQ
302550,리메드,KOSDAQ,KOSDAQ
084180,수성웹툰,KOSDAQ,KOSDAQ
068050,팬엔터테인먼트,KOSDAQ,KOSDAQ
058630,엠게임,KOSDAQ,KOSDAQ
217330,싸이토젠,KOSDAQ,KOSDAQ
053700,삼보모터스,KOSDAQ,KOSDAQ
199430,케이엔알시스템,KOSDAQ,KOSDAQ
216050,인크로스,KOSDAQ,KOSDAQ
053450,세코닉스,KOSDAQ,KOSDAQ
452200,민테크,KOSDAQ,KOSDAQ
038880,아이에이,KOSDAQ,KOSDAQ
459100,위츠,KOSDAQ,KOSDAQ
027050,코리아나,KOSDAQ,KOSDAQ
054800,아이디스홀딩스,KOSDAQ,KOSDAQ
253840,수젠텍,KOSDAQ,KOSDAQ
317770,엑스페릭스,KOSDAQ,KOSDAQ
195990,에이비프로바이오,KOSDAQ,KOSDAQ
067570,엔브이에이치코리아,KOSDAQ,KOSDAQ
126880,제이엔케이글로벌,KOSDAQ,KOSDAQ
351870,차이커뮤니케이션,KOSDAQ,KOSDAQ
041920,메디아나,KOSDAQ,KOSDAQ
408920,메쎄이상,KOSDAQ,KOSDAQ
120240,대정화금,KOSDAQ,KOSDAQ
177900,쓰리에이로직스,KOSDAQ,KOSDAQ
089850,유비벨록스,KOSDAQ,KOSDAQ
061250,화일약품,KOSDAQ,KOSDAQ
101670,하이드로리튬,KOSDAQ,KOSDAQ
136410,아셈스,KOSDAQ,KOSDAQ
347890,엠투아이,KOSDAQ,KOSDAQ
419050,삼기이브이,KOSDAQ,KOSDAQ
388870,파로스아이바이오,KOSDAQ,KOSDAQ
073560,우리손에프앤지,KOSDAQ,KOSDAQ
014200,광림,KOSDAQ,KOSDAQ
373160,데이원컴퍼니,KOSDAQ,KOSDAQ
348150,고바이오랩,KOSDAQ,KOSDAQ
317830,에스피시스템스,KOSDAQ,KOSDAQ
352090,스톰테크,KOSDAQ,KOSDAQ
451220,아이엠티,KOSDAQ,KOSDAQ
025550,한국선재,KOSDAQ,KOSDAQ
102370,케이옥션,KOSDAQ,KOSDAQ
056090,시지메드텍,KOSDAQ,KOSDAQ
365590,하이딥,KOSDAQ,KOSDAQ
038540,상상인,KOSDAQ,KOSDAQ
137950,제이씨케미칼,KOSDAQ,KOSDAQ
170030,현대공업,KOSDAQ,KOSDAQ
215360,우리산업,KOSDAQ,KOSDAQ
309960,LB인베스트먼트,KOSDAQ,KOSDAQ
219130,타이거일렉,KOSDAQ,KOSDAQ
339950,아이비김영,KOSDAQ,KOSDAQ
045970,코아시아,KOSDAQ,KOSDAQ
141000,비아트론,KOSDAQ,KOSDAQ
024880,케이피에프,KOSDAQ,KOSDAQ
007820,에스엠코어,KOSDAQ,KOSDAQ
446540,메가터치,KOSDAQ,KOSDAQ
040420,정상제이엘에스,KOSDAQ,KOSDAQ
037950,엘컴텍,KOSDAQ,KOSDAQ
007720,대명소노시즌,KOSDAQ,KOSDAQ
000440,중앙에너비스,KOSDAQ,KOSDAQ
053050,지에스이,KOSDAQ,KOSDAQ
413640,비아이매트릭스,KOSDAQ,KOSDAQ
460940,피앤에스미캐닉스,KOSDAQ,KOSDAQ
382480,지아이텍,KOSDAQ,KOSDAQ
083500,에프엔에스테크,KOSDAQ,KOSDAQ
001540,안국약품,KOSDAQ,KOSDAQ
321550,티움바이오,KOSDAQ,KOSDAQ
017510,세명전기,KOSDAQ,KOSDAQ
300120,라온피플,KOSDAQ,KOSDAQ
333620,엔시스,KOSDAQ,KOSDAQ
040350,크레오에스지,KOSDAQ,KOSDAQ
066310,큐에스아이,KOSDAQ,KOSDAQ
246710,티앤알바이오팹,KOSDAQ,KOSDAQ
311390,네오크레마,KOSDAQ,KOSDAQ
086670,비엠티,KOSDAQ,KOSDAQ
142280,녹십자엠에스,KOSDAQ,KOSDAQ
006140,피제이전자,KOSDAQ,KOSDAQ
010470,오리콤,KOSDAQ,KOSDAQ
452400,이닉스,KOSDAQ,KOSDAQ
207760,미스터블루,KOSDAQ,KOSDAQ
041910,폴라리스AI파마,KOSDAQ,KOSDAQ
041930,동아화성,KOSDAQ,KOSDAQ
900340,윙입푸드,KOSDAQ,KOSDAQ
036630,세종텔레콤,KOSDAQ,KOSDAQ
021320,KCC건설,KOSDAQ,KOSDAQ
105740,디케이락,KOSDAQ,KOSDAQ
107600,새빗켐,KOSDAQ,KOSDAQ
024940,PN풍년,KOSDAQ,KOSDAQ
033230,인성정보,KOSDAQ,KOSDAQ
054780,키이스트,KOSDAQ,KOSDAQ
260930,씨티케이,KOSDAQ,KOSDAQ
171120,라이온켐텍,KOSDAQ,KOSDAQ
208140,정다운,KOSDAQ,KOSDAQ
122310,제노레이,KOSDAQ,KOSDAQ
163730,핑거,KOSDAQ,KOSDAQ
260660,알리코제약,KOSDAQ,KOSDAQ
042500,링네트,KOSDAQ,KOSDAQ
330350,위더스제약,KOSDAQ,KOSDAQ
218150,미래생명자원,KOSDAQ,KOSDAQ
307930,컴퍼니케이,KOSDAQ,KOSDAQ
418420,라온텍,KOSDAQ,KOSDAQ
036090,위지트,KOSDAQ,KOSDAQ
383930,디티앤씨알오,KOSDAQ,KOSDAQ
222810,세토피아,KOSDAQ,KOSDAQ
004650,창해에탄올,KOSDAQ,KOSDAQ
098120,마이크로컨텍솔,KOSDAQ,KOSDAQ
074430,아미노로직스,KOSDAQ,KOSDAQ
043650,국순당,KOSDAQ,KOSDAQ
186230,그린플러스,KOSDAQ,KOSDAQ
038680,에스넷,KOSDAQ,KOSDAQ
039020,이건홀딩스,KOSDAQ,KOSDAQ
036640,HRS,KOSDAQ,KOSDAQ
024740,한일단조,KOSDAQ,KOSDAQ
153710,옵티팜,KOSDAQ,KOSDAQ
250060,모비스,KOSDAQ,KOSDAQ
241840,에이스토리,KOSDAQ,KOSDAQ
307180,아이엘사이언스,KOSDAQ,KOSDAQ
032850,비트컴퓨터,KOSDAQ,KOSDAQ
007370,진양제약,KOSDAQ,KOSDAQ
123420,위메이드플레이,KOSDAQ,KOSDAQ
078860,엔에스이엔엠,KOSDAQ,KOSDAQ
265560,영화테크,KOSDAQ,KOSDAQ
294140,레몬,KOSDAQ,KOSDAQ
215100,로보로보,KOSDAQ,KOSDAQ
222160,NPX,KOSDAQ,KOSDAQ
128660,피제이메탈,KOSDAQ,KOSDAQ
036010,아비코전자,KOSDAQ,KOSDAQ
011370,서한,KOSDAQ,KOSDAQ
104540,코렌텍,KOSDAQ,KOSDAQ
460870,에스엠씨지,KOSDAQ,KOSDAQ
002800,신신제약,KOSDAQ,KOSDAQ
054920,한컴위드,KOSDAQ,KOSDAQ
033830,티비씨,KOSDAQ,KOSDAQ
369370,블리츠웨이스튜디오,KOSDAQ,KOSDAQ
064850,에프앤가이드,KOSDAQ,KOSDAQ
020710,시공테크,KOSDAQ,KOSDAQ
219550,디와이디,KOSDAQ,KOSDAQ
038460,바이오스마트,KOSDAQ,KOSDAQ
090470,제이스텍,KOSDAQ,KOSDAQ
094850,참좋은여행,KOSDAQ,KOSDAQ
066790,씨씨에스,KOSDAQ,KOSDAQ
442900,미래에셋드림스팩1호,KOSDAQ,KOSDAQ
261780,차백신연구소,KOSDAQ,KOSDAQ
053260,금강철강,KOSDAQ,KOSDAQ
291230,엔피,KOSDAQ,KOSDAQ
361570,알비더블유,KOSDAQ,KOSDAQ
012790,신일제약,KOSDAQ,KOSDAQ
097800,윈팩,KOSDAQ,KOSDAQ
440320,오픈놀,KOSDAQ,KOSDAQ
041520,이엘씨,KOSDAQ,KOSDAQ
187870,디바이스이엔지,KOSDAQ,KOSDAQ
104620,노랑풍선,KOSDAQ,KOSDAQ
314130,지놈앤컴퍼니,KOSDAQ,KOSDAQ
187660,현대ADM,KOSDAQ,KOSDAQ
198440,강동씨앤엘,KOSDAQ,KOSDAQ
465480,인스피언,KOSDAQ,KOSDAQ
036710,심텍홀딩스,KOSDAQ,KOSDAQ
263600,덕우전자,KOSDAQ,KOSDAQ
389140,포바이포,KOSDAQ,KOSDAQ
417970,모델솔루션,KOSDAQ,KOSDAQ
348350,위드텍,KOSDAQ,KOSDAQ
115440,우리넷,KOSDAQ,KOSDAQ
474610,RF시스템즈,KOSDAQ,KOSDAQ
054040,한국컴퓨터,KOSDAQ,KOSDAQ
464280,티디에스팜,KOSDAQ,KOSDAQ
067290,JW신약,KOSDAQ,KOSDAQ
002230,피에스텍,KOSDAQ,KOSDAQ
067370,선바이오,KOSDAQ,KOSDAQ
340930,유일에너테크,KOSDAQ,KOSDAQ
052790,액토즈소프트,KOSDAQ,KOSDAQ
460470,아이빔테크놀로지,KOSDAQ,KOSDAQ
059120,아진엑스텍,KOSDAQ,KOSDAQ
024840,KBI메탈,KOSDAQ,KOSDAQ
317690,퀀타매트릭스,KOSDAQ,KOSDAQ
262260,에이프로,KOSDAQ,KOSDAQ
036120,SCI평가정보,KOSDAQ,KOSDAQ
088390,이녹스,KOSDAQ,KOSDAQ
065130,탑엔지니어링,KOSDAQ,KOSDAQ
039830,오로라,KOSDAQ,KOSDAQ
222040,코스맥스엔비티,KOSDAQ,KOSDAQ
241690,유니테크노,KOSDAQ,KOSDAQ
101170,우림피티에스,KOSDAQ,KOSDAQ
049550,잉크테크,KOSDAQ,KOSDAQ
109860,동일금속,KOSDAQ,KOSDAQ
299660,셀리드,KOSDAQ,KOSDAQ
388790,라이콤,KOSDAQ,KOSDAQ
204840,지엘팜텍,KOSDAQ,KOSDAQ
420570,제이투케이바이오,KOSDAQ,KOSDAQ
457370,한켐,KOSDAQ,KOSDAQ
049480,오픈베이스,KOSDAQ,KOSDAQ
101330,모베이스,KOSDAQ,KOSDAQ
263800,데이타솔루션,KOSDAQ,KOSDAQ
317850,대모,KOSDAQ,KOSDAQ
081150,티플랙스,KOSDAQ,KOSDAQ
347000,센코,KOSDAQ,KOSDAQ
237820,플레이디,KOSDAQ,KOSDAQ
352700,씨앤투스,KOSDAQ,KOSDAQ
059270,해성에어로보틱스,KOSDAQ,KOSDAQ
130580,나이스디앤비,KOSDAQ,KOSDAQ
317530,캐리소프트,KOSDAQ,KOSDAQ
217190,제너셈,KOSDAQ,KOSDAQ
036670,KCI,KOSDAQ,KOSDAQ
363250,진시스템,KOSDAQ,KOSDAQ
037440,희림,KOSDAQ,KOSDAQ
117670,알파홀딩스,KOSDAQ,KOSDAQ
289080,SV인베스트먼트,KOSDAQ,KOSDAQ
294630,서남,KOSDAQ,KOSDAQ
330730,스톤브릿지벤처스,KOSDAQ,KOSDAQ
127980,화인써키트,KOSDAQ,KOSDAQ
033310,엠투엔,KOSDAQ,KOSDAQ
950200,소마젠,KOSDAQ,KOSDAQ
027580,상보,KOSDAQ,KOSDAQ
391710,코닉오토메이션,KOSDAQ,KOSDAQ
357880,SKAI,KOSDAQ,KOSDAQ
357580,아모센스,KOSDAQ,KOSDAQ
251630,브이원텍,KOSDAQ,KOSDAQ
159010,아스플로,KOSDAQ,KOSDAQ
189980,흥국에프엔비,KOSDAQ,KOSDAQ
246720,아스타,KOSDAQ,KOSDAQ
015710,코콤,KOSDAQ,KOSDAQ
044060,조광ILI,KOSDAQ,KOSDAQ
212560,네오오토,KOSDAQ,KOSDAQ
320000,한울반도체,KOSDAQ,KOSDAQ
072990,에이치시티,KOSDAQ,KOSDAQ
090410,덕신이피씨,KOSDAQ,KOSDAQ
203690,아크솔루션스,KOSDAQ,KOSDAQ
073640,테라사이언스,KOSDAQ,KOSDAQ
256630,포인트엔지니어링,KOSDAQ,KOSDAQ
032940,원익,KOSDAQ,KOSDAQ
024800,유성티엔에스,KOSDAQ,KOSDAQ
042110,에스씨디,KOSDAQ,KOSDAQ
234100,폴라리스세원,KOSDAQ,KOSDAQ
066130,하츠,KOSDAQ,KOSDAQ
033170,시그네틱스,KOSDAQ,KOSDAQ
223250,드림씨아이에스,KOSDAQ,KOSDAQ
462510,라메디텍,KOSDAQ,KOSDAQ
009730,이렘,KOSDAQ,KOSDAQ
185490,아이진,KOSDAQ,KOSDAQ
017480,삼현철강,KOSDAQ,KOSDAQ
065530,와이어블,KOSDAQ,KOSDAQ
043260,성호전자,KOSDAQ,KOSDAQ
450330,하스,KOSDAQ,KOSDAQ
094840,슈프리마에이치큐,KOSDAQ,KOSDAQ
466410,사이냅소프트,KOSDAQ,KOSDAQ
054540,삼영엠텍,KOSDAQ,KOSDAQ
011320,유니크,KOSDAQ,KOSDAQ
208860,엔지스테크널러지,KOSDAQ,KOSDAQ
024830,세원물산,KOSDAQ,KOSDAQ
236810,엔비티,KOSDAQ,KOSDAQ
250000,보라티알,KOSDAQ,KOSDAQ
210120,캔버스엔,KOSDAQ,KOSDAQ
045340,토탈소프트,KOSDAQ,KOSDAQ
196300,애니젠,KOSDAQ,KOSDAQ
097780,에코볼트,KOSDAQ,KOSDAQ
064240,홈캐스트,KOSDAQ,KOSDAQ
046120,오르비텍,KOSDAQ,KOSDAQ
053160,프리엠스,KOSDAQ,KOSDAQ
101000,KS인더스트리,KOSDAQ,KOSDAQ
054930,유신,KOSDAQ,KOSDAQ
340360,다보링크,KOSDAQ,KOSDAQ
347740,피엔케이피부임상연구센타,KOSDAQ,KOSDAQ
155650,와이엠씨,KOSDAQ,KOSDAQ
105760,포스뱅크,KOSDAQ,KOSDAQ
363260,모비데이즈,KOSDAQ,KOSDAQ
206400,베노티앤알,KOSDAQ,KOSDAQ
377030,비트맥스,KOSDAQ,KOSDAQ
032540,TJ미디어,KOSDAQ,KOSDAQ
095270,웨이브일렉트로,KOSDAQ,KOSDAQ
239890,피엔에이치테크,KOSDAQ,KOSDAQ
403490,우듬지팜,KOSDAQ,KOSDAQ
087260,모바일어플라이언스,KOSDAQ,KOSDAQ
214870,한울BnC,KOSDAQ,KOSDAQ
219420,링크제니시스,KOSDAQ,KOSDAQ
053980,오상자이엘,KOSDAQ,KOSDAQ
222110,팬젠,KOSDAQ,KOSDAQ
024910,경창산업,KOSDAQ,KOSDAQ
010170,대한광통신,KOSDAQ,KOSDAQ
041460,한국전자인증,KOSDAQ,KOSDAQ
373200,엑스플러스,KOSDAQ,KOSDAQ
037350,성도이엔지,KOSDAQ,KOSDAQ
036000,예림당,KOSDAQ,KOSDAQ
010240,흥국,KOSDAQ,KOSDAQ
004590,한국가구,KOSDAQ,KOSDAQ
064480,브리지텍,KOSDAQ,KOSDAQ
043910,자연과환경,KOSDAQ,KOSDAQ
148250,알엔투테크놀로지,KOSDAQ,KOSDAQ
219750,한국비티비,KOSDAQ,KOSDAQ
066980,한성크린텍,KOSDAQ,KOSDAQ
038070,서린바이오,KOSDAQ,KOSDAQ
263050,유틸렉스,KOSDAQ,KOSDAQ
462980,아이지넷,KOSDAQ,KOSDAQ
053290,NE능률,KOSDAQ,KOSDAQ
332370,아이디피,KOSDAQ,KOSDAQ
171010,램테크놀러지,KOSDAQ,KOSDAQ
352910,오비고,KOSDAQ,KOSDAQ
417840,저스템,KOSDAQ,KOSDAQ
290740,액트로,KOSDAQ,KOSDAQ
321260,프로이천,KOSDAQ,KOSDAQ
033340,좋은사람들,KOSDAQ,KOSDAQ
071670,에이테크솔루션,KOSDAQ,KOSDAQ
396300,세아메카닉스,KOSDAQ,KOSDAQ
033130,디지틀조선,KOSDAQ,KOSDAQ
006050,국영지앤엠,KOSDAQ,KOSDAQ
178780,일월지엠엘,KOSDAQ,KOSDAQ
003310,대주산업,KOSDAQ,KOSDAQ
359090,씨엔알리서치,KOSDAQ,KOSDAQ
053270,구영테크,KOSDAQ,KOSDAQ
226340,본느,KOSDAQ,KOSDAQ
387570,파인메딕스,KOSDAQ,KOSDAQ
063440,SM Life Design,KOSDAQ,KOSDAQ
049180,셀루메드,KOSDAQ,KOSDAQ
263690,디알젬,KOSDAQ,KOSDAQ
475460,미트박스,KOSDAQ,KOSDAQ
039420,케이엘넷,KOSDAQ,KOSDAQ
351330,이삭엔지니어링,KOSDAQ,KOSDAQ
336060,웨이버스,KOSDAQ,KOSDAQ
175250,아이큐어,KOSDAQ,KOSDAQ
226360,KH 건설,KOSDAQ,KOSDAQ
413630,씨피시스템,KOSDAQ,KOSDAQ
057030,YBM넷,KOSDAQ,KOSDAQ
052670,제일바이오,KOSDAQ,KOSDAQ
004780,대륙제관,KOSDAQ,KOSDAQ
057680,티사이언티픽,KOSDAQ,KOSDAQ
347860,알체라,KOSDAQ,KOSDAQ
239610,에이치엘사이언스,KOSDAQ,KOSDAQ
376980,원티드랩,KOSDAQ,KOSDAQ
301300,바이브컴퍼니,KOSDAQ,KOSDAQ
450520,인스웨이브시스템즈,KOSDAQ,KOSDAQ
087600,픽셀플러스,KOSDAQ,KOSDAQ
277070,린드먼아시아,KOSDAQ,KOSDAQ
099220,SDN,KOSDAQ,KOSDAQ
246960,SCL사이언스,KOSDAQ,KOSDAQ
288620,에스퓨얼셀,KOSDAQ,KOSDAQ
355150,코스텍시스,KOSDAQ,KOSDAQ
355390,크라우드웍스,KOSDAQ,KOSDAQ
017650,대림제지,KOSDAQ,KOSDAQ
037330,인지디스플레,KOSDAQ,KOSDAQ
036170,클라우드에어,KOSDAQ,KOSDAQ
094940,푸른기술,KOSDAQ,KOSDAQ
065950,웰크론,KOSDAQ,KOSDAQ
014190,원익큐브,KOSDAQ,KOSDAQ
067920,이글루,KOSDAQ,KOSDAQ
241790,티이엠씨씨엔에스,KOSDAQ,KOSDAQ
327260,RF머트리얼즈,KOSDAQ,KOSDAQ
033540,파라텍,KOSDAQ,KOSDAQ
099520,DGI,KOSDAQ,KOSDAQ
471820,셀로맥스사이언스,KOSDAQ,KOSDAQ
056360,코위버,KOSDAQ,KOSDAQ
189690,포시에스,KOSDAQ,KOSDAQ
160550,NEW,KOSDAQ,KOSDAQ
051490,나라엠앤디,KOSDAQ,KOSDAQ
049630,재영솔루텍,KOSDAQ,KOSDAQ
430690,한싹,KOSDAQ,KOSDAQ
204020,그리티,KOSDAQ,KOSDAQ
245620,EDGC,KOSDAQ,KOSDAQ
286750,나노브릭,KOSDAQ,KOSDAQ
046970,우리로,KOSDAQ,KOSDAQ
376290,씨유테크,KOSDAQ,KOSDAQ
351320,에스에이티이엔지,KOSDAQ,KOSDAQ
033560,블루콤,KOSDAQ,KOSDAQ
105330,케이엔더블유,KOSDAQ,KOSDAQ
065370,위세아이텍,KOSDAQ,KOSDAQ
304840,피플바이오,KOSDAQ,KOSDAQ
192250,케이사인,KOSDAQ,KOSDAQ
290380,대유,KOSDAQ,KOSDAQ
080530,코디,KOSDAQ,KOSDAQ
038010,제일테크노스,KOSDAQ,KOSDAQ
044960,이글벳,KOSDAQ,KOSDAQ
452160,제이엔비,KOSDAQ,KOSDAQ
129920,대성하이텍,KOSDAQ,KOSDAQ
308080,바이젠셀,KOSDAQ,KOSDAQ
290090,트윔,KOSDAQ,KOSDAQ
019990,에너토크,KOSDAQ,KOSDAQ
039290,인포뱅크,KOSDAQ,KOSDAQ
323350,다원넥스뷰,KOSDAQ,KOSDAQ
464500,아이언디바이스,KOSDAQ,KOSDAQ
024950,삼천리자전거,KOSDAQ,KOSDAQ
321370,센서뷰,KOSDAQ,KOSDAQ
066900,디에이피,KOSDAQ,KOSDAQ
066670,디티씨,KOSDAQ,KOSDAQ
039010,현대에이치티,KOSDAQ,KOSDAQ
217500,러셀,KOSDAQ,KOSDAQ
053620,태양,KOSDAQ,KOSDAQ
100590,머큐리,KOSDAQ,KOSDAQ
199480,뱅크웨어글로벌,KOSDAQ,KOSDAQ
434480,모니터랩,KOSDAQ,KOSDAQ
217480,에스디생명공학,KOSDAQ,KOSDAQ
073110,엘엠에스,KOSDAQ,KOSDAQ
097870,효성오앤비,KOSDAQ,KOSDAQ
195500,마니커에프앤지,KOSDAQ,KOSDAQ
007680,대원,KOSDAQ,KOSDAQ
036180,지더블유바이텍,KOSDAQ,KOSDAQ
052900,KX하이텍,KOSDAQ,KOSDAQ
419120,산돌,KOSDAQ,KOSDAQ
900310,컬러레이,KOSDAQ,KOSDAQ
464580,닷밀,KOSDAQ,KOSDAQ
201490,미투온,KOSDAQ,KOSDAQ
096350,대창솔루션,KOSDAQ,KOSDAQ
032860,더라미,KOSDAQ,KOSDAQ
170790,파이오링크,KOSDAQ,KOSDAQ
113810,디젠스,KOSDAQ,KOSDAQ
088130,동아엘텍,KOSDAQ,KOSDAQ
150900,파수,KOSDAQ,KOSDAQ
356890,싸이버원,KOSDAQ,KOSDAQ
010280,아이티센엔텍,KOSDAQ,KOSDAQ
435570,에르코스,KOSDAQ,KOSDAQ
078890,가온그룹,KOSDAQ,KOSDAQ
092300,현우산업,KOSDAQ,KOSDAQ
377220,프롬바이오,KOSDAQ,KOSDAQ
279600,미디어젠,KOSDAQ,KOSDAQ
046390,삼화네트웍스,KOSDAQ,KOSDAQ
016920,카스,KOSDAQ,KOSDAQ
038620,위즈코프,KOSDAQ,KOSDAQ
040610,SG&G,KOSDAQ,KOSDAQ
014570,고려제약,KOSDAQ,KOSDAQ
276040,스코넥,KOSDAQ,KOSDAQ
314140,알피바이오,KOSDAQ,KOSDAQ
080010,이상네트웍스,KOSDAQ,KOSDAQ
050110,캠시스,KOSDAQ,KOSDAQ
037030,파워넷,KOSDAQ,KOSDAQ
100030,인지소프트,KOSDAQ,KOSDAQ
368600,아이씨에이치,KOSDAQ,KOSDAQ
123570,이엠넷,KOSDAQ,KOSDAQ
418250,시큐레터,KOSDAQ,KOSDAQ
037370,EG,KOSDAQ,KOSDAQ
294090,이오플로우,KOSDAQ,KOSDAQ
049120,파인디앤씨,KOSDAQ,KOSDAQ
007530,와이엠,KOSDAQ,KOSDAQ
256150,한독크린텍,KOSDAQ,KOSDAQ
064520,테크엘,KOSDAQ,KOSDAQ
088910,동우팜투테이블,KOSDAQ,KOSDAQ
096610,알에프세미,KOSDAQ,KOSDAQ
270870,뉴트리,KOSDAQ,KOSDAQ
048470,대동스틸,KOSDAQ,KOSDAQ
013810,스페코,KOSDAQ,KOSDAQ
457600,벡트,KOSDAQ,KOSDAQ
307870,비투엔,KOSDAQ,KOSDAQ
019540,일지테크,KOSDAQ,KOSDAQ
299170,더블유에스아이,KOSDAQ,KOSDAQ
353590,오토앤,KOSDAQ,KOSDAQ
198080,엔피디,KOSDAQ,KOSDAQ
043340,에쎈테크,KOSDAQ,KOSDAQ
223310,딥마인드,KOSDAQ,KOSDAQ
038870,에코바이오,KOSDAQ,KOSDAQ
053950,경남제약,KOSDAQ,KOSDAQ
005670,푸드웰,KOSDAQ,KOSDAQ
047770,코데즈컴바인,KOSDAQ,KOSDAQ
133750,메가엠디,KOSDAQ,KOSDAQ
043710,서울리거,KOSDAQ,KOSDAQ
109080,옵티시스,KOSDAQ,KOSDAQ
303530,이노뎁,KOSDAQ,KOSDAQ
056730,CNT85,KOSDAQ,KOSDAQ
263770,유에스티,KOSDAQ,KOSDAQ
109820,진매트릭스,KOSDAQ,KOSDAQ
103840,우양,KOSDAQ,KOSDAQ
035200,프럼파스트,KOSDAQ,KOSDAQ
037230,한국팩키지,KOSDAQ,KOSDAQ
126640,화신정공,KOSDAQ,KOSDAQ
099410,동방선기,KOSDAQ,KOSDAQ
002290,삼일기업공사,KOSDAQ,KOSDAQ
069920,엑시온그룹,KOSDAQ,KOSDAQ
037760,쎄니트,KOSDAQ,KOSDAQ
246690,TS인베스트먼트,KOSDAQ,KOSDAQ
016100,리더스코스메틱,KOSDAQ,KOSDAQ
082210,옵트론텍,KOSDAQ,KOSDAQ
052600,한네트,KOSDAQ,KOSDAQ
242040,나무기술,KOSDAQ,KOSDAQ
008370,원풍,KOSDAQ,KOSDAQ
254120,자비스,KOSDAQ,KOSDAQ
277410,인산가,KOSDAQ,KOSDAQ
448740,삼성스팩8호,KOSDAQ,KOSDAQ
271830,팸텍,KOSDAQ,KOSDAQ
142760,모아라이프플러스,KOSDAQ,KOSDAQ
046940,우원개발,KOSDAQ,KOSDAQ
086040,바이오톡스텍,KOSDAQ,KOSDAQ
082660,코스나인,KOSDAQ,KOSDAQ
025880,케이씨피드,KOSDAQ,KOSDAQ
057540,옴니시스템,KOSDAQ,KOSDAQ
290720,푸드나무,KOSDAQ,KOSDAQ
440290,HB인베스트먼트,KOSDAQ,KOSDAQ
088280,쏘닉스,KOSDAQ,KOSDAQ
129890,앱코,KOSDAQ,KOSDAQ
088290,이원컴포텍,KOSDAQ,KOSDAQ
096630,에스코넥,KOSDAQ,KOSDAQ
263920,휴엠앤씨,KOSDAQ,KOSDAQ
022220,TKG애강,KOSDAQ,KOSDAQ
406820,뷰티스킨,KOSDAQ,KOSDAQ
115160,휴맥스,KOSDAQ,KOSDAQ
123010,아이윈플러스,KOSDAQ,KOSDAQ
056700,신화인터텍,KOSDAQ,KOSDAQ
049830,승일,KOSDAQ,KOSDAQ
100660,서암기계공업,KOSDAQ,KOSDAQ
173940,에프엔씨엔터,KOSDAQ,KOSDAQ
106080,케이이엠텍,KOSDAQ,KOSDAQ
131100,티엔엔터테인먼트,KOSDAQ,KOSDAQ
016250,SGC E&C,KOSDAQ,KOSDAQ
072470,우리산업홀딩스,KOSDAQ,KOSDAQ
067170,오텍,KOSDAQ,KOSDAQ
104200,NHN벅스,KOSDAQ,KOSDAQ
134580,탑코미디어,KOSDAQ,KOSDAQ
036690,코맥스,KOSDAQ,KOSDAQ
101240,씨큐브,KOSDAQ,KOSDAQ
032790,엠젠솔루션,KOSDAQ,KOSDAQ
128540,에코캡,KOSDAQ,KOSDAQ
263020,디케이앤디,KOSDAQ,KOSDAQ
153460,네이블,KOSDAQ,KOSDAQ
075970,동국알앤에스,KOSDAQ,KOSDAQ
435620,하나금융25호스팩,KOSDAQ,KOSDAQ
331520,밸로프,KOSDAQ,KOSDAQ
068330,일신바이오,KOSDAQ,KOSDAQ
016600,큐캐피탈,KOSDAQ,KOSDAQ
042040,케이피엠테크,KOSDAQ,KOSDAQ
091590,남화토건,KOSDAQ,KOSDAQ
265740,엔에프씨,KOSDAQ,KOSDAQ
089790,제이티,KOSDAQ,KOSDAQ
131760,파인텍,KOSDAQ,KOSDAQ
225220,제놀루션,KOSDAQ,KOSDAQ
122350,삼기,KOSDAQ,KOSDAQ
373110,엑셀세라퓨틱스,KOSDAQ,KOSDAQ
050860,아세아텍,KOSDAQ,KOSDAQ
127710,아시아경제,KOSDAQ,KOSDAQ
389030,지니너스,KOSDAQ,KOSDAQ
263700,케어랩스,KOSDAQ,KOSDAQ
099390,브레인즈컴퍼니,KOSDAQ,KOSDAQ
168330,내츄럴엔도텍,KOSDAQ,KOSDAQ
313760,캐리,KOSDAQ,KOSDAQ
019770,서연탑메탈,KOSDAQ,KOSDAQ
475660,에스켐,KOSDAQ,KOSDAQ
262840,아이퀘스트,KOSDAQ,KOSDAQ
306040,에스제이그룹,KOSDAQ,KOSDAQ
221980,케이디켐,KOSDAQ,KOSDAQ
111870,KH 미래물산,KOSDAQ,KOSDAQ
234920,자이글,KOSDAQ,KOSDAQ
348030,모비릭스,KOSDAQ,KOSDAQ
318410,비비씨,KOSDAQ,KOSDAQ
222980,한국맥널티,KOSDAQ,KOSDAQ
208710,바이오로그디바이스,KOSDAQ,KOSDAQ
900100,애머릿지,KOSDAQ,KOSDAQ
214270,FSN,KOSDAQ,KOSDAQ
060850,영림원소프트랩,KOSDAQ,KOSDAQ
032580,피델릭스,KOSDAQ,KOSDAQ
088340,유라클,KOSDAQ,KOSDAQ
140520,대창스틸,KOSDAQ,KOSDAQ
045060,오공,KOSDAQ,KOSDAQ
200230,텔콘RF제약,KOSDAQ,KOSDAQ
038060,루멘스,KOSDAQ,KOSDAQ
238120,얼라인드,KOSDAQ,KOSDAQ
138070,신진에스엠,KOSDAQ,KOSDAQ
376180,피코그램,KOSDAQ,KOSDAQ
377330,이지트로닉스,KOSDAQ,KOSDAQ
192390,윈하이텍,KOSDAQ,KOSDAQ
331380,포커스에이치엔에스,KOSDAQ,KOSDAQ
121850,코이즈,KOSDAQ,KOSDAQ
094970,제이엠티,KOSDAQ,KOSDAQ
049080,기가레인,KOSDAQ,KOSDAQ
069540,빛과전자,KOSDAQ,KOSDAQ
303360,프로티아,KOSDAQ,KOSDAQ
014970,삼륭물산,KOSDAQ,KOSDAQ
085910,네오티스,KOSDAQ,KOSDAQ
051380,피씨디렉트,KOSDAQ,KOSDAQ
189330,씨이랩,KOSDAQ,KOSDAQ
318000,KBG,KOSDAQ,KOSDAQ
309930,오하임앤컴퍼니,KOSDAQ,KOSDAQ
065440,이루온,KOSDAQ,KOSDAQ
360350,코셈,KOSDAQ,KOSDAQ
169330,엠브레인,KOSDAQ,KOSDAQ
031310,아이즈비전,KOSDAQ,KOSDAQ
380540,옵티코어,KOSDAQ,KOSDAQ
238090,앤디포스,KOSDAQ,KOSDAQ
109670,씨싸이트,KOSDAQ,KOSDAQ
051390,YW,KOSDAQ,KOSDAQ
075130,플랜티넷,KOSDAQ,KOSDAQ
238490,힘스,KOSDAQ,KOSDAQ
020180,대신정보통신,KOSDAQ,KOSDAQ
032960,동일기연,KOSDAQ,KOSDAQ
119500,포메탈,KOSDAQ,KOSDAQ
263810,상신전자,KOSDAQ,KOSDAQ
122690,서진오토모티브,KOSDAQ,KOSDAQ
069410,엔텔스,KOSDAQ,KOSDAQ
257370,피엔티엠에스,KOSDAQ,KOSDAQ
258610,케일럼,KOSDAQ,KOSDAQ
052300,오션인더블유,KOSDAQ,KOSDAQ
123840,뉴온,KOSDAQ,KOSDAQ
083660,CSA 코스믹,KOSDAQ,KOSDAQ
203450,유니온커뮤니티,KOSDAQ,KOSDAQ
148930,에이치와이티씨,KOSDAQ,KOSDAQ
452300,캡스톤파트너스,KOSDAQ,KOSDAQ
307280,원바이오젠,KOSDAQ,KOSDAQ
221800,유투바이오,KOSDAQ,KOSDAQ
052770,아이톡시,KOSDAQ,KOSDAQ
438700,버넥트,KOSDAQ,KOSDAQ
189860,서전기전,KOSDAQ,KOSDAQ
239340,이스트에이드,KOSDAQ,KOSDAQ
001840,이화공영,KOSDAQ,KOSDAQ
177830,파버나인,KOSDAQ,KOSDAQ
200780,비씨월드제약,KOSDAQ,KOSDAQ
066360,체리부로,KOSDAQ,KOSDAQ
021880,메이슨캐피탈,KOSDAQ,KOSDAQ
060540,에스에이티,KOSDAQ,KOSDAQ
140430,카티스,KOSDAQ,KOSDAQ
220180,핸디소프트,KOSDAQ,KOSDAQ
089150,케이씨티,KOSDAQ,KOSDAQ
318160,셀바이오휴먼텍,KOSDAQ,KOSDAQ
104040,대성파인텍,KOSDAQ,KOSDAQ
373170,엠아이큐브솔루션,KOSDAQ,KOSDAQ
046310,백금T&A,KOSDAQ,KOSDAQ
019660,글로본,KOSDAQ,KOSDAQ
418620,이에이트,KOSDAQ,KOSDAQ
273060,와이즈버즈,KOSDAQ,KOSDAQ
096690,에이루트,KOSDAQ,KOSDAQ
208640,썸에이지,KOSDAQ,KOSDAQ
033200,모아텍,KOSDAQ,KOSDAQ
018680,서울제약,KOSDAQ,KOSDAQ
114630,폴라리스우노,KOSDAQ,KOSDAQ
032750,삼진,KOSDAQ,KOSDAQ
355690,에이텀,KOSDAQ,KOSDAQ
130500,GH신소재,KOSDAQ,KOSDAQ
079000,와토스코리아,KOSDAQ,KOSDAQ
417180,핑거스토리,KOSDAQ,KOSDAQ
222420,쎄노텍,KOSDAQ,KOSDAQ
288980,모아데이타,KOSDAQ,KOSDAQ
190650,코리아에셋투자증권,KOSDAQ,KOSDAQ
419540,비스토스,KOSDAQ,KOSDAQ
452980,신한제11호스팩,KOSDAQ,KOSDAQ
900270,헝셩그룹,KOSDAQ,KOSDAQ
083550,케이엠,KOSDAQ,KOSDAQ
318020,포인트모바일,KOSDAQ,KOSDAQ
060230,소니드,KOSDAQ,KOSDAQ
011080,형지I&C,KOSDAQ,KOSDAQ
227950,엔투텍,KOSDAQ,KOSDAQ
285800,진영,KOSDAQ,KOSDAQ
340440,세림B&G,KOSDAQ,KOSDAQ
274400,이노시뮬레이션,KOSDAQ,KOSDAQ
267790,배럴,KOSDAQ,KOSDAQ
439250,삼성스팩7호,KOSDAQ,KOSDAQ
071850,캐스텍코리아,KOSDAQ,KOSDAQ
290660,네오펙트,KOSDAQ,KOSDAQ
417860,오브젠,KOSDAQ,KOSDAQ
007770,한일화학,KOSDAQ,KOSDAQ
115480,씨유메디칼,KOSDAQ,KOSDAQ
024120,KB오토시스,KOSDAQ,KOSDAQ
139670,키네마스터,KOSDAQ,KOSDAQ
424980,마이크로투나노,KOSDAQ,KOSDAQ
284620,카이노스메드,KOSDAQ,KOSDAQ
021650,한국큐빅,KOSDAQ,KOSDAQ
240600,유진테크놀로지,KOSDAQ,KOSDAQ
196490,디에이테크놀로지,KOSDAQ,KOSDAQ
432980,엠에프씨,KOSDAQ,KOSDAQ
079170,한창산업,KOSDAQ,KOSDAQ
059100,아이컴포넌트,KOSDAQ,KOSDAQ
080520,오디텍,KOSDAQ,KOSDAQ
072950,빛샘전자,KOSDAQ,KOSDAQ
367000,플래티어,KOSDAQ,KOSDAQ
153490,우리이앤엘,KOSDAQ,KOSDAQ
137080,나래나노텍,KOSDAQ,KOSDAQ
052860,아이앤씨,KOSDAQ,KOSDAQ
081580,성우전자,KOSDAQ,KOSDAQ
187220,디티앤씨,KOSDAQ,KOSDAQ
067010,이씨에스,KOSDAQ,KOSDAQ
009620,삼보산업,KOSDAQ,KOSDAQ
290120,DH오토리드,KOSDAQ,KOSDAQ
252500,세화피앤씨,KOSDAQ,KOSDAQ
159910,스킨앤스킨,KOSDAQ,KOSDAQ
228340,동양파일,KOSDAQ,KOSDAQ
054300,팬스타엔터프라이즈,KOSDAQ,KOSDAQ
405920,나라셀라,KOSDAQ,KOSDAQ
036480,대성미생물,KOSDAQ,KOSDAQ
348080,큐라티스,KOSDAQ,KOSDAQ
362990,드림인사이트,KOSDAQ,KOSDAQ
078590,휴림에이텍,KOSDAQ,KOSDAQ
347770,핌스,KOSDAQ,KOSDAQ
043220,티에스넥스젠,KOSDAQ,KOSDAQ
469750,아이비젼웍스,KOSDAQ,KOSDAQ
065770,CS,KOSDAQ,KOSDAQ
091340,S&K폴리텍,KOSDAQ,KOSDAQ
006920,모헨즈,KOSDAQ,KOSDAQ
332290,누보,KOSDAQ,KOSDAQ
052460,아이크래프트,KOSDAQ,KOSDAQ
415380,스튜디오삼익,KOSDAQ,KOSDAQ
017000,신원종합개발,KOSDAQ,KOSDAQ
085810,알티캐스트,KOSDAQ,KOSDAQ
276730,제주맥주,KOSDAQ,KOSDAQ
335870,윙스풋,KOSDAQ,KOSDAQ
290520,신도기연,KOSDAQ,KOSDAQ
023770,플레이위드,KOSDAQ,KOSDAQ
131090,시큐브,KOSDAQ,KOSDAQ
090150,아이윈,KOSDAQ,KOSDAQ
047080,한빛소프트,KOSDAQ,KOSDAQ
303030,지니틱스,KOSDAQ,KOSDAQ
048770,TPC,KOSDAQ,KOSDAQ
431190,케이쓰리아이,KOSDAQ,KOSDAQ
398120,에스지헬스케어,KOSDAQ,KOSDAQ
034940,조아제약,KOSDAQ,KOSDAQ
290270,휴네시온,KOSDAQ,KOSDAQ
137940,넥스트아이,KOSDAQ,KOSDAQ
038950,파인디지털,KOSDAQ,KOSDAQ
114450,그린생명과학,KOSDAQ,KOSDAQ
187270,신화콘텍,KOSDAQ,KOSDAQ
065650,하이퍼코퍼레이션,KOSDAQ,KOSDAQ
025440,DH오토웨어,KOSDAQ,KOSDAQ
146060,율촌,KOSDAQ,KOSDAQ
131220,대한과학,KOSDAQ,KOSDAQ
045520,크린앤사이언스,KOSDAQ,KOSDAQ
328380,솔트웨어,KOSDAQ,KOSDAQ
340810,씨유박스,KOSDAQ,KOSDAQ
032280,삼일,KOSDAQ,KOSDAQ
354200,엔젠바이오,KOSDAQ,KOSDAQ
412350,레이저쎌,KOSDAQ,KOSDAQ
013720,CBI,KOSDAQ,KOSDAQ
147760,피엠티,KOSDAQ,KOSDAQ
001810,무림SP,KOSDAQ,KOSDAQ
227610,아우딘퓨쳐스,KOSDAQ,KOSDAQ
012620,원일특강,KOSDAQ,KOSDAQ
058110,멕아이씨에스,KOSDAQ,KOSDAQ
296640,이노룰스,KOSDAQ,KOSDAQ
115610,이미지스,KOSDAQ,KOSDAQ
187790,나노,KOSDAQ,KOSDAQ
026040,제이에스티나,KOSDAQ,KOSDAQ
335810,프리시젼바이오,KOSDAQ,KOSDAQ
148780,비큐AI,KOSDAQ,KOSDAQ
032680,소프트센,KOSDAQ,KOSDAQ
322780,코퍼스코리아,KOSDAQ,KOSDAQ
050120,ES큐브,KOSDAQ,KOSDAQ
040160,누리플렉스,KOSDAQ,KOSDAQ
098660,에스티오,KOSDAQ,KOSDAQ
333050,모코엠시스,KOSDAQ,KOSDAQ
031510,오스템,KOSDAQ,KOSDAQ
214610,미코바이오메드,KOSDAQ,KOSDAQ
310870,디와이씨,KOSDAQ,KOSDAQ
008470,부스타,KOSDAQ,KOSDAQ
068100,케이웨더,KOSDAQ,KOSDAQ
073570,리튬포어스,KOSDAQ,KOSDAQ
073190,듀오백,KOSDAQ,KOSDAQ
197140,디지캡,KOSDAQ,KOSDAQ
138360,협진,KOSDAQ,KOSDAQ
068940,셀피글로벌,KOSDAQ,KOSDAQ
045300,성우테크론,KOSDAQ,KOSDAQ
089140,넥스턴바이오,KOSDAQ,KOSDAQ
317120,라닉스,KOSDAQ,KOSDAQ
076080,웰크론한텍,KOSDAQ,KOSDAQ
451700,엔에이치스팩29호,KOSDAQ,KOSDAQ
035620,바른손이앤에이,KOSDAQ,KOSDAQ
018700,바른손,KOSDAQ,KOSDAQ
072520,제넨바이오,KOSDAQ,KOSDAQ
317240,TS트릴리온,KOSDAQ,KOSDAQ
035460,기산텔레콤,KOSDAQ,KOSDAQ
037400,우리엔터프라이즈,KOSDAQ,KOSDAQ
193250,링크드,KOSDAQ,KOSDAQ
184230,SGA솔루션즈,KOSDAQ,KOSDAQ
067730,로지시스,KOSDAQ,KOSDAQ
289010,아이스크림에듀,KOSDAQ,KOSDAQ
229000,젠큐릭스,KOSDAQ,KOSDAQ
318010,팜스빌,KOSDAQ,KOSDAQ
032080,아즈텍WB,KOSDAQ,KOSDAQ
086060,진바이오텍,KOSDAQ,KOSDAQ
039310,세중,KOSDAQ,KOSDAQ
198940,한주라이트메탈,KOSDAQ,KOSDAQ
060380,동양에스텍,KOSDAQ,KOSDAQ
143540,영우디에스피,KOSDAQ,KOSDAQ
389680,유디엠텍,KOSDAQ,KOSDAQ
066430,와이오엠,KOSDAQ,KOSDAQ
038530,케이바이오,KOSDAQ,KOSDAQ
232830,시큐센,KOSDAQ,KOSDAQ
014100,메디앙스,KOSDAQ,KOSDAQ
028080,휴맥스홀딩스,KOSDAQ,KOSDAQ
353190,휴럼,KOSDAQ,KOSDAQ
372800,아이티아이즈,KOSDAQ,KOSDAQ
196450,코아시아씨엠,KOSDAQ,KOSDAQ
221840,하이즈항공,KOSDAQ,KOSDAQ
095910,에스에너지,KOSDAQ,KOSDAQ
217620,선샤인푸드,KOSDAQ,KOSDAQ
365900,브이씨,KOSDAQ,KOSDAQ
291650,압타머사이언스,KOSDAQ,KOSDAQ
032800,판타지오,KOSDAQ,KOSDAQ
361670,삼영에스앤씨,KOSDAQ,KOSDAQ
083470,이엠앤아이,KOSDAQ,KOSDAQ
377460,위니아에이드,KOSDAQ,KOSDAQ
131180,딜리,KOSDAQ,KOSDAQ
018620,우진비앤지,KOSDAQ,KOSDAQ
464680,KB제27호스팩,KOSDAQ,KOSDAQ
033050,제이엠아이,KOSDAQ,KOSDAQ
238200,비피도,KOSDAQ,KOSDAQ
900110,이스트아시아홀딩스,KOSDAQ,KOSDAQ
002680,한탑,KOSDAQ,KOSDAQ
080470,성창오토텍,KOSDAQ,KOSDAQ
101400,엔시트론,KOSDAQ,KOSDAQ
352770,클리노믹스,KOSDAQ,KOSDAQ
199730,바이오인프라,KOSDAQ,KOSDAQ
290560,신시웨이,KOSDAQ,KOSDAQ
045510,정원엔시스,KOSDAQ,KOSDAQ
054940,엑사이엔씨,KOSDAQ,KOSDAQ
012340,뉴인텍,KOSDAQ,KOSDAQ
066910,손오공,KOSDAQ,KOSDAQ
070300,엑스큐어,KOSDAQ,KOSDAQ
215380,우정바이오,KOSDAQ,KOSDAQ
237750,피앤씨테크,KOSDAQ,KOSDAQ
312610,에이에프더블류,KOSDAQ,KOSDAQ
208350,지란지교시큐리티,KOSDAQ,KOSDAQ
246250,에스엘에스바이오,KOSDAQ,KOSDAQ
331920,셀레믹스,KOSDAQ,KOSDAQ
247660,나노씨엠에스,KOSDAQ,KOSDAQ
023790,동일스틸럭스,KOSDAQ,KOSDAQ
291810,핀텔,KOSDAQ,KOSDAQ
093380,풍강,KOSDAQ,KOSDAQ
079650,서산,KOSDAQ,KOSDAQ
101680,한국정밀기계,KOSDAQ,KOSDAQ
054220,비츠로시스,KOSDAQ,KOSDAQ
110020,전진바이오팜,KOSDAQ,KOSDAQ
050760,에스폴리텍,KOSDAQ,KOSDAQ
025870,신라에스지,KOSDAQ,KOSDAQ
139050,BF랩스,KOSDAQ,KOSDAQ
017250,인터엠,KOSDAQ,KOSDAQ
225590,패션플랫폼,KOSDAQ,KOSDAQ
298060,에스씨엠생명과학,KOSDAQ,KOSDAQ
468510,삼성스팩9호,KOSDAQ,KOSDAQ
204630,스튜디오산타클로스,KOSDAQ,KOSDAQ
297570,알로이스,KOSDAQ,KOSDAQ
368970,오에스피,KOSDAQ,KOSDAQ
065150,대산F&B,KOSDAQ,KOSDAQ
115530,씨엔플러스,KOSDAQ,KOSDAQ
258830,세종메디칼,KOSDAQ,KOSDAQ
060900,DGP,KOSDAQ,KOSDAQ
352940,인바이오,KOSDAQ,KOSDAQ
258790,소프트캠프,KOSDAQ,KOSDAQ
115570,스타플렉스,KOSDAQ,KOSDAQ
039740,한국정보공학,KOSDAQ,KOSDAQ
071460,위니아,KOSDAQ,KOSDAQ
084440,유비온,KOSDAQ,KOSDAQ
101390,아이엠,KOSDAQ,KOSDAQ
215480,토박스코리아,KOSDAQ,KOSDAQ
058450,한주에이알티,KOSDAQ,KOSDAQ
103230,에스앤더블류,KOSDAQ,KOSDAQ
154030,아시아종묘,KOSDAQ,KOSDAQ
080720,한국유니온제약,KOSDAQ,KOSDAQ
043100,알파녹스,KOSDAQ,KOSDAQ
001000,신라섬유,KOSDAQ,KOSDAQ
230980,비유테크놀러지,KOSDAQ,KOSDAQ
900070,글로벌에스엠,KOSDAQ,KOSDAQ
121890,에스디시스템,KOSDAQ,KOSDAQ
020400,대동금속,KOSDAQ,KOSDAQ
091970,나노캠텍,KOSDAQ,KOSDAQ
043200,파루,KOSDAQ,KOSDAQ
076610,해성옵틱스,KOSDAQ,KOSDAQ
083640,인콘,KOSDAQ,KOSDAQ
900260,로스웰,KOSDAQ,KOSDAQ
044780,에이치케이,KOSDAQ,KOSDAQ
123750,알톤,KOSDAQ,KOSDAQ
449020,유안타제13호스팩,KOSDAQ,KOSDAQ
130740,티피씨글로벌,KOSDAQ,KOSDAQ
457390,대신밸런스제15호스팩,KOSDAQ,KOSDAQ
048830,엔피케이,KOSDAQ,KOSDAQ
021040,대호특수강,KOSDAQ,KOSDAQ
054410,케이피티유,KOSDAQ,KOSDAQ
094860,네오리진,KOSDAQ,KOSDAQ
106240,파인테크닉스,KOSDAQ,KOSDAQ
054180,메디콕스,KOSDAQ,KOSDAQ
035290,골드앤에스,KOSDAQ,KOSDAQ
275630,에스에스알,KOSDAQ,KOSDAQ
134060,이퓨쳐,KOSDAQ,KOSDAQ
900300,오가닉티코스메틱,KOSDAQ,KOSDAQ
089230,THE E&M,KOSDAQ,KOSDAQ
063760,이엘피,KOSDAQ,KOSDAQ
016670,디모아,KOSDAQ,KOSDAQ
060480,국일신동,KOSDAQ,KOSDAQ
429270,시지트로닉스,KOSDAQ,KOSDAQ
344860,이노진,KOSDAQ,KOSDAQ
043590,웰킵스하이텍,KOSDAQ,KOSDAQ
154040,다산솔루에타,KOSDAQ,KOSDAQ
439410,엔에이치스팩26호,KOSDAQ,KOSDAQ
069330,유아이디,KOSDAQ,KOSDAQ
044480,빌리언스,KOSDAQ,KOSDAQ
079190,케스피온,KOSDAQ,KOSDAQ
008290,원풍물산,KOSDAQ,KOSDAQ
188260,세니젠,KOSDAQ,KOSDAQ
241820,피씨엘,KOSDAQ,KOSDAQ
308100,까스텔바작,KOSDAQ,KOSDAQ
466910,엔에이치스팩30호,KOSDAQ,KOSDAQ
067770,세진티에스,KOSDAQ,KOSDAQ
053060,세동,KOSDAQ,KOSDAQ
215790,이노인스트루먼트,KOSDAQ,KOSDAQ
177350,베셀,KOSDAQ,KOSDAQ
096870,엘디티,KOSDAQ,KOSDAQ
070590,한솔인티큐브,KOSDAQ,KOSDAQ
054090,삼진엘앤디,KOSDAQ,KOSDAQ
060240,스타코링크,KOSDAQ,KOSDAQ
049470,SGA,KOSDAQ,KOSDAQ
065420,에스아이리소스,KOSDAQ,KOSDAQ
191410,육일씨엔에쓰,KOSDAQ,KOSDAQ
069140,누리플랜,KOSDAQ,KOSDAQ
073540,에프알텍,KOSDAQ,KOSDAQ
458320,KB제26호스팩,KOSDAQ,KOSDAQ
478780,대신밸런스제18호스팩,KOSDAQ,KOSDAQ
027040,서울전자통신,KOSDAQ,KOSDAQ
900120,씨엑스아이,KOSDAQ,KOSDAQ
043360,디지아이,KOSDAQ,KOSDAQ
019570,플루토스,KOSDAQ,KOSDAQ
440820,엔에이치스팩27호,KOSDAQ,KOSDAQ
196700,웹스,KOSDAQ,KOSDAQ
482680,미래에셋비전스팩7호,KOSDAQ,KOSDAQ
065060,지엔코,KOSDAQ,KOSDAQ
477380,미래에셋비전스팩4호,KOSDAQ,KOSDAQ
106520,노블엠앤비,KOSDAQ,KOSDAQ
224060,더코디,KOSDAQ,KOSDAQ
405000,플라즈맵,KOSDAQ,KOSDAQ
424760,벨로크,KOSDAQ,KOSDAQ
179530,애드바이오텍,KOSDAQ,KOSDAQ
092600,앤씨앤,KOSDAQ,KOSDAQ
225430,케이엠제약,KOSDAQ,KOSDAQ
457630,대신밸런스제16호스팩,KOSDAQ,KOSDAQ
079950,인베니아,KOSDAQ,KOSDAQ
042940,상지건설,KOSDAQ,KOSDAQ
477340,에이치엠씨제7호스팩,KOSDAQ,KOSDAQ
065170,비엘팜텍,KOSDAQ,KOSDAQ
060260,뉴보텍,KOSDAQ,KOSDAQ
227100,퀀텀온,KOSDAQ,KOSDAQ
469880,하나30호스팩,KOSDAQ,KOSDAQ
454750,하나28호스팩,KOSDAQ,KOSDAQ
031860,디에이치엑스컴퍼니,KOSDAQ,KOSDAQ
442310,대신밸런스제14호스팩,KOSDAQ,KOSDAQ
430220,신영스팩8호,KOSDAQ,KOSDAQ
473050,유안타제15호스팩,KOSDAQ,KOSDAQ
477530,한국제14호스팩,KOSDAQ,KOSDAQ
479880,한국제15호스팩,KOSDAQ,KOSDAQ
030350,드래곤플라이,KOSDAQ,KOSDAQ
478440,미래에셋비전스팩6호,KOSDAQ,KOSDAQ
050090,비케이홀딩스,KOSDAQ,KOSDAQ
032980,바이온,KOSDAQ,KOSDAQ
250930,예선테크,KOSDAQ,KOSDAQ
065690,파커스,KOSDAQ,KOSDAQ
489480,키움제11호스팩,KOSDAQ,KOSDAQ
244460,올리패스,KOSDAQ,KOSDAQ
471050,대신밸런스제17호스팩,KOSDAQ,KOSDAQ
481890,엔에이치스팩31호,KOSDAQ,KOSDAQ
478390,KB제29호스팩,KOSDAQ,KOSDAQ
054630,에이디칩스,KOSDAQ,KOSDAQ
489730,디비금융제13호스팩,KOSDAQ,KOSDAQ
446840,키움제8호스팩,KOSDAQ,KOSDAQ
446750,하나26호스팩,KOSDAQ,KOSDAQ
044180,KD,KOSDAQ,KOSDAQ
492220,KB제31호스팩,KOSDAQ,KOSDAQ
456440,DB금융스팩11호,KOSDAQ,KOSDAQ
065570,삼영이엔씨,KOSDAQ,KOSDAQ
482520,교보16호스팩,KOSDAQ,KOSDAQ
026910,광진실업,KOSDAQ,KOSDAQ
435380,유안타제10호스팩,KOSDAQ,KOSDAQ
477760,DB금융스팩12호,KOSDAQ,KOSDAQ
445970,신영스팩9호,KOSDAQ,KOSDAQ
448370,하나27호스팩,KOSDAQ,KOSDAQ
174880,장원테크,KOSDAQ,KOSDAQ
474660,신한제12호스팩,KOSDAQ,KOSDAQ
476470,KB제28호스팩,KOSDAQ,KOSDAQ
482690,대신밸런스제19호스팩,KOSDAQ,KOSDAQ
469900,하나31호스팩,KOSDAQ,KOSDAQ
487360,신한제14호스팩,KOSDAQ,KOSDAQ
454640,하나29호스팩,KOSDAQ,KOSDAQ
477470,미래에셋비전스팩5호,KOSDAQ,KOSDAQ
474490,유안타제16호스팩,KOSDAQ,KOSDAQ
446190,미래에셋비전스팩2호,KOSDAQ,KOSDAQ
437780,엔에이치스팩24호,KOSDAQ,KOSDAQ
444920,유안타제11호스팩,KOSDAQ,KOSDAQ
486630,KB제30호스팩,KOSDAQ,KOSDAQ
493790,유안타제17호스팩,KOSDAQ,KOSDAQ
448830,미래에셋비전스팩3호,KOSDAQ,KOSDAQ
446150,유안타제12호스팩,KOSDAQ,KOSDAQ
452670,상상인제4호스팩,KOSDAQ,KOSDAQ
455910,에스케이증권제9호스팩,KOSDAQ,KOSDAQ
450050,하이제8호스팩,KOSDAQ,KOSDAQ
489210,교보17호스팩,KOSDAQ,KOSDAQ
455310,한화플러스제4호스팩,KOSDAQ,KOSDAQ
478110,이베스트스팩6호,KOSDAQ,KOSDAQ
192410,오늘이엔엠,KOSDAQ,KOSDAQ
472220,신영스팩10호,KOSDAQ,KOSDAQ
003481,해성산업1우,KOSDAQ,KOSDAQ
448760,IBKS제22호스팩,KOSDAQ,KOSDAQ
488060,유진스팩11호,KOSDAQ,KOSDAQ
450940,유안타제14호스팩,KOSDAQ,KOSDAQ
464440,한국제13호스팩,KOSDAQ,KOSDAQ
442770,IBKS제21호스팩,KOSDAQ,KOSDAQ
484130,하나34호스팩,KOSDAQ,KOSDAQ
455250,KB제25호스팩,KOSDAQ,KOSDAQ
439730,IBKS제20호스팩,KOSDAQ,KOSDAQ
445360,비엔케이제1호스팩,KOSDAQ,KOSDAQ
038340,MIT,KOSDAQ,KOSDAQ
467930,IBKS제23호스팩,KOSDAQ,KOSDAQ
469480,IBKS제24호스팩,KOSDAQ,KOSDAQ
473950,에스케이증권제13호스팩,KOSDAQ,KOSDAQ
458610,한국제12호스팩,KOSDAQ,KOSDAQ
468760,유진스팩10호,KOSDAQ,KOSDAQ
456490,교보14호스팩,KOSDAQ,KOSDAQ
462020,에이치엠씨제6호스팩,KOSDAQ,KOSDAQ
487830,신한제15호스팩,KOSDAQ,KOSDAQ
487720,키움제10호스팩,KOSDAQ,KOSDAQ
440790,교보13호스팩,KOSDAQ,KOSDAQ
473370,비엔케이제2호스팩,KOSDAQ,KOSDAQ
472230,에스케이증권제11호스팩,KOSDAQ,KOSDAQ
465320,교보15호스팩,KOSDAQ,KOSDAQ
435870,에스케이증권제8호스팩,KOSDAQ,KOSDAQ
474930,신한제13호스팩,KOSDAQ,KOSDAQ
475250,하나33호스팩,KOSDAQ,KOSDAQ
418210,신한제10호스팩,KOSDAQ,KOSDAQ
051780,큐로홀딩스,KOSDAQ,KOSDAQ
442130,유진스팩9호,KOSDAQ,KOSDAQ
323230,엠에프엠코리아,KOSDAQ,KOSDAQ
457940,에스케이증권제10호스팩,KOSDAQ,KOSDAQ
473000,에스케이증권제12호스팩,KOSDAQ,KOSDAQ
475240,하나32호스팩,KOSDAQ,KOSDAQ
079970,투비소프트,KOSDAQ,KOSDAQ
438580,엔에이치스팩25호,KOSDAQ,KOSDAQ
043090,더테크놀로지,KOSDAQ,KOSDAQ
023460,CNH,KOSDAQ,KOSDAQ
032685,소프트센우,KOSDAQ,KOSDAQ
021045,대호특수강우,KOSDAQ,KOSDAQ
